{"environment":"development","level":"info","message":"Server started on port 3000","port":3000,"timestamp":"2026-01-29 13:45:08"}
{"host":"Supabase","level":"info","message":"Database connected successfully","timestamp":"2026-01-29 13:45:08","type":"PostgreSQL"}
{"ip":"::1","level":"error","message":"Request Error Only existing admins can create new admin or moderator accounts","method":"POST","name":"ForbiddenError","statusCode":403,"timestamp":"2026-01-29 13:45:12","url":"/auth/create-admin","userId":null}
{"level":"http","message":"POST /auth/create-admin 403 229ms","timestamp":"2026-01-29 13:45:12"}
{"level":"http","message":"POST /auth/create-admin 403 230ms","timestamp":"2026-01-29 13:45:12"}
{"level":"http","message":"POST /auth/create-admin 403 233ms","timestamp":"2026-01-29 13:45:12"}
{"identifier":"8073550468","level":"auth","message":"[Auth] Login attempt: SUCCESS","role":"ADMIN","success":true,"timestamp":"2026-01-29 13:46:32","userId":"c5735592-9acc-46f8-9644-f55d9660560e"}
{"level":"auth","message":"[Auth] Token generated","timestamp":"2026-01-29 13:46:32","userId":"c5735592-9acc-46f8-9644-f55d9660560e"}
{"level":"http","message":"POST /auth/login 200 476ms","timestamp":"2026-01-29 13:46:32"}
{"level":"http","message":"POST /auth/login 200 477ms","timestamp":"2026-01-29 13:46:32"}
{"level":"http","message":"POST /auth/login 200 478ms","timestamp":"2026-01-29 13:46:32"}
{"ip":"::1","level":"error","message":"Request Error Only existing admins can create new admin or moderator accounts","method":"POST","name":"ForbiddenError","statusCode":403,"timestamp":"2026-01-29 13:46:49","url":"/auth/create-admin","userId":"c5735592-9acc-46f8-9644-f55d9660560e"}
{"level":"http","message":"POST /auth/create-admin 403 155ms","timestamp":"2026-01-29 13:46:49"}
{"level":"http","message":"POST /auth/create-admin 403 155ms","timestamp":"2026-01-29 13:46:49"}
{"level":"http","message":"POST /auth/create-admin 403 156ms","timestamp":"2026-01-29 13:46:49"}
{"ip":"::1","level":"error","message":"Request Error Only existing admins can create new admin or moderator accounts","method":"POST","name":"ForbiddenError","statusCode":403,"timestamp":"2026-01-29 13:48:11","url":"/auth/create-admin","userId":"c5735592-9acc-46f8-9644-f55d9660560e"}
{"level":"http","message":"POST /auth/create-admin 403 154ms","timestamp":"2026-01-29 13:48:11"}
{"level":"http","message":"POST /auth/create-admin 403 155ms","timestamp":"2026-01-29 13:48:11"}
{"level":"http","message":"POST /auth/create-admin 403 157ms","timestamp":"2026-01-29 13:48:11"}
{"ip":"::1","level":"error","message":"Request Error Only existing admins can create new admin or moderator accounts","method":"POST","name":"ForbiddenError","statusCode":403,"timestamp":"2026-01-29 13:49:42","url":"/auth/create-admin","userId":"c5735592-9acc-46f8-9644-f55d9660560e"}
{"level":"http","message":"POST /auth/create-admin 403 156ms","timestamp":"2026-01-29 13:49:42"}
{"level":"http","message":"POST /auth/create-admin 403 157ms","timestamp":"2026-01-29 13:49:42"}
{"level":"http","message":"POST /auth/create-admin 403 158ms","timestamp":"2026-01-29 13:49:42"}
{"level":"http","message":"POST /auth/logout-all 200 323ms","timestamp":"2026-01-29 13:50:39"}
{"level":"http","message":"POST /auth/logout-all 200 323ms","timestamp":"2026-01-29 13:50:39"}
{"level":"http","message":"POST /auth/logout-all 200 324ms","timestamp":"2026-01-29 13:50:39"}
{"environment":"development","level":"info","message":"Server started on port 3000","port":3000,"timestamp":"2026-01-29 13:54:52"}
{"host":"Supabase","level":"info","message":"Database connected successfully","timestamp":"2026-01-29 13:54:52","type":"PostgreSQL"}
{"identifier":"8073550468","level":"auth","message":"[Auth] Login attempt: SUCCESS","role":"ADMIN","success":true,"timestamp":"2026-01-29 13:55:25","userId":"c5735592-9acc-46f8-9644-f55d9660560e"}
{"level":"auth","message":"[Auth] Token generated","timestamp":"2026-01-29 13:55:25","userId":"c5735592-9acc-46f8-9644-f55d9660560e"}
{"level":"http","message":"POST /auth/login 200 487ms","timestamp":"2026-01-29 13:55:25"}
{"level":"http","message":"POST /auth/login 200 488ms","timestamp":"2026-01-29 13:55:25"}
{"level":"http","message":"POST /auth/login 200 491ms","timestamp":"2026-01-29 13:55:25"}
{"level":"http","message":"POST /auth/create-admin 201 851ms","timestamp":"2026-01-29 13:56:16"}
{"level":"http","message":"POST /auth/create-admin 201 852ms","timestamp":"2026-01-29 13:56:16"}
{"level":"http","message":"POST /auth/create-admin 201 853ms","timestamp":"2026-01-29 13:56:16"}
{"environment":"development","level":"info","message":"Server started on port 3000","port":3000,"timestamp":"2026-01-29 13:57:14"}
{"host":"Supabase","level":"info","message":"Database connected successfully","timestamp":"2026-01-29 13:57:14","type":"PostgreSQL"}
{"ip":"::1","level":"error","message":"Request Error Only existing admins can create new admin or moderator accounts","method":"POST","name":"ForbiddenError","statusCode":403,"timestamp":"2026-01-29 13:59:42","url":"/auth/create-admin","userId":null}
{"level":"http","message":"POST /auth/create-admin 403 198ms","timestamp":"2026-01-29 13:59:42"}
{"level":"http","message":"POST /auth/create-admin 403 199ms","timestamp":"2026-01-29 13:59:42"}
{"level":"http","message":"POST /auth/create-admin 403 202ms","timestamp":"2026-01-29 13:59:42"}
{"level":"http","message":"POST /auth/create-admin 201 844ms","timestamp":"2026-01-29 14:00:01"}
{"level":"http","message":"POST /auth/create-admin 201 845ms","timestamp":"2026-01-29 14:00:01"}
{"level":"http","message":"POST /auth/create-admin 201 846ms","timestamp":"2026-01-29 14:00:01"}
{"ip":"::1","level":"error","message":"Request Error Route not found - POST /api/master/enums","method":"POST","name":"Error","statusCode":404,"timestamp":"2026-01-29 14:01:51","url":"/api/master/enums","userId":null}
{"level":"http","message":"POST /api/master/enums 404 1ms","timestamp":"2026-01-29 14:01:51"}
{"level":"http","message":"POST /api/master/enums 404 1ms","timestamp":"2026-01-29 14:01:51"}
{"level":"http","message":"POST /api/master/enums 404 2ms","timestamp":"2026-01-29 14:01:51"}
{"ip":"::1","level":"error","message":"Request Error Route not found - GET /api/master/enums","method":"GET","name":"Error","statusCode":404,"timestamp":"2026-01-29 14:02:30","url":"/api/master/enums","userId":null}
{"level":"http","message":"GET /api/master/enums 404 8ms","timestamp":"2026-01-29 14:02:30"}
{"level":"http","message":"GET /api/master/enums 404 16ms","timestamp":"2026-01-29 14:02:30"}
{"level":"http","message":"GET /api/master/enums 404 110ms","timestamp":"2026-01-29 14:02:30"}
{"ip":"::1","level":"error","message":"Request Error Route not found - GET /api/enums","method":"GET","name":"Error","statusCode":404,"timestamp":"2026-01-29 14:04:12","url":"/api/enums","userId":null}
{"level":"http","message":"GET /api/enums 404 1ms","timestamp":"2026-01-29 14:04:12"}
{"level":"http","message":"GET /api/enums 404 2ms","timestamp":"2026-01-29 14:04:12"}
{"level":"http","message":"GET /api/enums 404 3ms","timestamp":"2026-01-29 14:04:12"}
{"level":"http","message":"GET /master/enums 401 0ms","timestamp":"2026-01-29 14:07:03"}
{"level":"http","message":"GET /master/enums 401 0ms","timestamp":"2026-01-29 14:07:03"}
{"level":"http","message":"GET /master/enums 401 1ms","timestamp":"2026-01-29 14:07:03"}
{"level":"http","message":"GET /master/enums 200 1ms","timestamp":"2026-01-29 14:07:09"}
{"level":"http","message":"GET /master/enums 200 2ms","timestamp":"2026-01-29 14:07:09"}
{"level":"http","message":"GET /master/enums 200 3ms","timestamp":"2026-01-29 14:07:09"}
{"level":"http","message":"GET /master/religions 401 0ms","timestamp":"2026-01-29 14:07:43"}
{"level":"http","message":"GET /master/religions 401 0ms","timestamp":"2026-01-29 14:07:43"}
{"level":"http","message":"GET /master/religions 401 1ms","timestamp":"2026-01-29 14:07:43"}
{"level":"http","message":"GET /master/religions 200 472ms","timestamp":"2026-01-29 14:07:49"}
{"level":"http","message":"GET /master/religions 200 472ms","timestamp":"2026-01-29 14:07:49"}
{"level":"http","message":"GET /master/religions 200 473ms","timestamp":"2026-01-29 14:07:49"}
{"level":"http","message":"GET /master/all 200 148ms","timestamp":"2026-01-29 14:08:05"}
{"level":"http","message":"GET /master/all 200 149ms","timestamp":"2026-01-29 14:08:05"}
{"level":"http","message":"GET /master/all 200 150ms","timestamp":"2026-01-29 14:08:05"}
{"ip":"::1","level":"error","message":"Request Error Route not found - GET /master/caste","method":"GET","name":"Error","statusCode":404,"timestamp":"2026-01-29 14:08:43","url":"/master/caste","userId":null}
{"level":"http","message":"GET /master/caste 404 2ms","timestamp":"2026-01-29 14:08:43"}
{"level":"http","message":"GET /master/caste 404 2ms","timestamp":"2026-01-29 14:08:43"}
{"level":"http","message":"GET /master/caste 404 3ms","timestamp":"2026-01-29 14:08:43"}
{"ip":"::1","level":"error","message":"Request Error Route not found - GET /master/castes","method":"GET","name":"Error","statusCode":404,"timestamp":"2026-01-29 14:08:46","url":"/master/castes","userId":null}
{"level":"http","message":"GET /master/castes 404 1ms","timestamp":"2026-01-29 14:08:46"}
{"level":"http","message":"GET /master/castes 404 1ms","timestamp":"2026-01-29 14:08:46"}
{"level":"http","message":"GET /master/castes 404 2ms","timestamp":"2026-01-29 14:08:46"}
{"ip":"::1","level":"error","message":"Request Error Route not found - GET /master/religion","method":"GET","name":"Error","statusCode":404,"timestamp":"2026-01-29 14:09:07","url":"/master/religion","userId":null}
{"level":"http","message":"GET /master/religion 404 1ms","timestamp":"2026-01-29 14:09:07"}
{"level":"http","message":"GET /master/religion 404 2ms","timestamp":"2026-01-29 14:09:07"}
{"level":"http","message":"GET /master/religion 404 2ms","timestamp":"2026-01-29 14:09:07"}
{"level":"http","message":"GET /master/religions 200 147ms","timestamp":"2026-01-29 14:09:14"}
{"level":"http","message":"GET /master/religions 200 147ms","timestamp":"2026-01-29 14:09:14"}
{"level":"http","message":"GET /master/religions 200 148ms","timestamp":"2026-01-29 14:09:14"}
{"ip":"::1","level":"error","message":"GET /master/castes/:1 500 43ms","method":"GET","responseTime":"43ms","statusCode":500,"timestamp":"2026-01-29 14:09:37","url":"/master/castes/:1","userAgent":"PostmanRuntime/7.51.0","userId":"c5735592-9acc-46f8-9644-f55d9660560e"}
{"ip":"::1","level":"error","message":"GET /master/castes/:1 500 44ms","method":"GET","responseTime":"44ms","statusCode":500,"timestamp":"2026-01-29 14:09:37","url":"/master/castes/:1","userAgent":"PostmanRuntime/7.51.0","userId":"c5735592-9acc-46f8-9644-f55d9660560e"}
{"ip":"::1","level":"error","message":"GET /master/castes/:1 500 45ms","method":"GET","responseTime":"45ms","statusCode":500,"timestamp":"2026-01-29 14:09:37","url":"/master/castes/:1","userAgent":"PostmanRuntime/7.51.0","userId":"c5735592-9acc-46f8-9644-f55d9660560e"}
{"level":"http","message":"GET /master/castes/1 200 270ms","timestamp":"2026-01-29 14:09:53"}
{"level":"http","message":"GET /master/castes/1 200 271ms","timestamp":"2026-01-29 14:09:53"}
{"level":"http","message":"GET /master/castes/1 200 271ms","timestamp":"2026-01-29 14:09:53"}
{"level":"http","message":"GET /master/castes/5 200 241ms","timestamp":"2026-01-29 14:10:00"}
{"level":"http","message":"GET /master/castes/5 200 242ms","timestamp":"2026-01-29 14:10:00"}
{"level":"http","message":"GET /master/castes/5 200 242ms","timestamp":"2026-01-29 14:10:00"}
{"level":"http","message":"GET /master/castes/5 401 0ms","timestamp":"2026-01-29 14:10:10"}
{"level":"http","message":"GET /master/castes/5 401 1ms","timestamp":"2026-01-29 14:10:10"}
{"level":"http","message":"GET /master/castes/5 401 1ms","timestamp":"2026-01-29 14:10:10"}
{"level":"http","message":"GET /master/castes/5 200 274ms","timestamp":"2026-01-29 14:10:15"}
{"level":"http","message":"GET /master/castes/5 200 274ms","timestamp":"2026-01-29 14:10:15"}
{"level":"http","message":"GET /master/castes/5 200 275ms","timestamp":"2026-01-29 14:10:15"}
{"level":"http","message":"GET /master/castes/1 401 1ms","timestamp":"2026-01-29 14:10:41"}
{"level":"http","message":"GET /master/castes/1 401 1ms","timestamp":"2026-01-29 14:10:41"}
{"level":"http","message":"GET /master/castes/1 401 2ms","timestamp":"2026-01-29 14:10:41"}
{"identifier":"8073550468","level":"auth","message":"[Auth] Login attempt: SUCCESS","role":"ADMIN","success":true,"timestamp":"2026-01-29 14:10:54","userId":"c5735592-9acc-46f8-9644-f55d9660560e"}
{"level":"auth","message":"[Auth] Token generated","timestamp":"2026-01-29 14:10:54","userId":"c5735592-9acc-46f8-9644-f55d9660560e"}
{"level":"http","message":"POST /auth/login 200 549ms","timestamp":"2026-01-29 14:10:54"}
{"level":"http","message":"POST /auth/login 200 550ms","timestamp":"2026-01-29 14:10:54"}
{"level":"http","message":"POST /auth/login 200 550ms","timestamp":"2026-01-29 14:10:54"}
{"level":"http","message":"GET /master/castes/1 200 262ms","timestamp":"2026-01-29 14:11:15"}
{"level":"http","message":"GET /master/castes/1 200 263ms","timestamp":"2026-01-29 14:11:15"}
{"level":"http","message":"GET /master/castes/1 200 263ms","timestamp":"2026-01-29 14:11:15"}
{"level":"http","message":"GET /master/sub-castes/26 200 305ms","timestamp":"2026-01-29 14:11:36"}
{"level":"http","message":"GET /master/sub-castes/26 200 306ms","timestamp":"2026-01-29 14:11:36"}
{"level":"http","message":"GET /master/sub-castes/26 200 306ms","timestamp":"2026-01-29 14:11:36"}
{"level":"http","message":"GET /master/religions/1/hierarchy 200 255ms","timestamp":"2026-01-29 14:11:59"}
{"level":"http","message":"GET /master/religions/1/hierarchy 200 256ms","timestamp":"2026-01-29 14:11:59"}
{"level":"http","message":"GET /master/religions/1/hierarchy 200 257ms","timestamp":"2026-01-29 14:11:59"}
{"environment":"development","level":"info","message":"Server started on port 3000","port":3000,"timestamp":"2026-01-29 14:12:32"}
{"host":"Supabase","level":"info","message":"Database connected successfully","timestamp":"2026-01-29 14:12:32","type":"PostgreSQL"}
{"environment":"development","level":"info","message":"Server started on port 3000","port":3000,"timestamp":"2026-01-29 14:12:37"}
{"host":"Supabase","level":"info","message":"Database connected successfully","timestamp":"2026-01-29 14:12:37","type":"PostgreSQL"}
{"level":"http","message":"GET /master/religions/1/hierarchy 200 412ms","timestamp":"2026-01-29 14:12:44"}
{"level":"http","message":"GET /master/religions/1/hierarchy 200 413ms","timestamp":"2026-01-29 14:12:44"}
{"level":"http","message":"GET /master/religions/1/hierarchy 200 416ms","timestamp":"2026-01-29 14:12:44"}
{"environment":"development","level":"info","message":"Server started on port 3000","port":3000,"timestamp":"2026-01-29 14:20:38"}
{"host":"Supabase","level":"info","message":"Database connected successfully","timestamp":"2026-01-29 14:20:39","type":"PostgreSQL"}
{"level":"http","message":"GET /master/enums 200 6ms","timestamp":"2026-01-29 14:20:43"}
{"level":"http","message":"GET /master/enums 200 7ms","timestamp":"2026-01-29 14:20:43"}
{"level":"http","message":"GET /master/enums 200 12ms","timestamp":"2026-01-29 14:20:43"}
{"level":"http","message":"GET /master/religions 200 321ms","timestamp":"2026-01-29 14:21:07"}
{"level":"http","message":"GET /master/religions 200 323ms","timestamp":"2026-01-29 14:21:07"}
{"level":"http","message":"GET /master/religions 200 325ms","timestamp":"2026-01-29 14:21:07"}
{"level":"http","message":"GET /master/castes/1 200 377ms","timestamp":"2026-01-29 14:21:55"}
{"level":"http","message":"GET /master/castes/1 200 378ms","timestamp":"2026-01-29 14:21:55"}
{"level":"http","message":"GET /master/castes/1 200 380ms","timestamp":"2026-01-29 14:21:55"}
{"level":"http","message":"GET /master/sub-castes/1 200 328ms","timestamp":"2026-01-29 14:22:45"}
{"level":"http","message":"GET /master/sub-castes/1 200 329ms","timestamp":"2026-01-29 14:22:45"}
{"level":"http","message":"GET /master/sub-castes/1 200 330ms","timestamp":"2026-01-29 14:22:45"}
{"level":"http","message":"GET /master/religions/1/hierarchy 200 274ms","timestamp":"2026-01-29 14:23:40"}
{"level":"http","message":"GET /master/religions/1/hierarchy 200 275ms","timestamp":"2026-01-29 14:23:40"}
{"level":"http","message":"GET /master/religions/1/hierarchy 200 276ms","timestamp":"2026-01-29 14:23:40"}
{"level":"http","message":"GET /master/religions/1/hierarchy 200 244ms","timestamp":"2026-01-29 14:24:31"}
{"level":"http","message":"GET /master/religions/1/hierarchy 200 245ms","timestamp":"2026-01-29 14:24:31"}
{"level":"http","message":"GET /master/religions/1/hierarchy 200 246ms","timestamp":"2026-01-29 14:24:31"}
{"level":"http","message":"GET /master/all 200 143ms","timestamp":"2026-01-29 14:25:16"}
{"level":"http","message":"GET /master/all 200 144ms","timestamp":"2026-01-29 14:25:16"}
{"level":"http","message":"GET /master/all 200 145ms","timestamp":"2026-01-29 14:25:16"}
{"identifier":"9380422508","level":"auth","message":"[Auth] Login attempt: SUCCESS","role":"ADMIN","success":true,"timestamp":"2026-01-29 14:46:09","userId":"eb5321fe-160b-4688-8ca2-d56f3b1d6e4e"}
{"level":"auth","message":"[Auth] Token generated","timestamp":"2026-01-29 14:46:09","userId":"eb5321fe-160b-4688-8ca2-d56f3b1d6e4e"}
{"level":"http","message":"POST /auth/login 200 789ms","timestamp":"2026-01-29 14:46:09"}
{"level":"http","message":"POST /auth/login 200 789ms","timestamp":"2026-01-29 14:46:09"}
{"level":"http","message":"POST /auth/login 200 790ms","timestamp":"2026-01-29 14:46:09"}
{"level":"http","message":"POST /auth/logout-all 200 202ms","timestamp":"2026-01-29 14:46:42"}
{"level":"http","message":"POST /auth/logout-all 200 202ms","timestamp":"2026-01-29 14:46:42"}
{"level":"http","message":"POST /auth/logout-all 200 203ms","timestamp":"2026-01-29 14:46:42"}
{"environment":"development","level":"info","message":"Server started on port 3000","port":3000,"timestamp":"2026-01-29 18:00:15"}
{"host":"Supabase","level":"info","message":"Database connected successfully","timestamp":"2026-01-29 18:00:15","type":"PostgreSQL"}
{"identifier":"8073550468","level":"auth","message":"[Auth] Login attempt: SUCCESS","role":"ADMIN","success":true,"timestamp":"2026-01-29 18:28:56","userId":"c5735592-9acc-46f8-9644-f55d9660560e"}
{"level":"auth","message":"[Auth] Token generated","timestamp":"2026-01-29 18:28:56","userId":"c5735592-9acc-46f8-9644-f55d9660560e"}
{"level":"http","message":"POST /auth/login 200 768ms","timestamp":"2026-01-29 18:28:56"}
{"level":"http","message":"POST /auth/login 200 770ms","timestamp":"2026-01-29 18:28:56"}
{"level":"http","message":"POST /auth/login 200 783ms","timestamp":"2026-01-29 18:28:56"}
{"ip":"::1","level":"warn","message":"Permission authorization attempted without authentication","method":"GET","path":"/c5735592-9acc-46f8-9644-f55d9660560e/family","timestamp":"2026-01-29 18:32:14"}
{"ip":"::1","level":"error","message":"Request Error Authentication required","method":"GET","name":"UnauthorizedError","statusCode":401,"timestamp":"2026-01-29 18:32:14","url":"/users/c5735592-9acc-46f8-9644-f55d9660560e/family","userId":"c5735592-9acc-46f8-9644-f55d9660560e"}
{"level":"http","message":"GET /users/c5735592-9acc-46f8-9644-f55d9660560e/family 401 8ms","timestamp":"2026-01-29 18:32:14"}
{"level":"http","message":"GET /users/c5735592-9acc-46f8-9644-f55d9660560e/family 401 9ms","timestamp":"2026-01-29 18:32:14"}
{"level":"http","message":"GET /users/c5735592-9acc-46f8-9644-f55d9660560e/family 401 10ms","timestamp":"2026-01-29 18:32:14"}
{"ip":"::1","level":"warn","message":"Permission authorization attempted without authentication","method":"GET","path":"/c5735592-9acc-46f8-9644-f55d9660560e/family","timestamp":"2026-01-29 18:32:36"}
{"ip":"::1","level":"error","message":"Request Error Authentication required","method":"GET","name":"UnauthorizedError","statusCode":401,"timestamp":"2026-01-29 18:32:36","url":"/users/c5735592-9acc-46f8-9644-f55d9660560e/family","userId":"c5735592-9acc-46f8-9644-f55d9660560e"}
{"level":"http","message":"GET /users/c5735592-9acc-46f8-9644-f55d9660560e/family 401 3ms","timestamp":"2026-01-29 18:32:36"}
{"level":"http","message":"GET /users/c5735592-9acc-46f8-9644-f55d9660560e/family 401 4ms","timestamp":"2026-01-29 18:32:36"}
{"level":"http","message":"GET /users/c5735592-9acc-46f8-9644-f55d9660560e/family 401 4ms","timestamp":"2026-01-29 18:32:36"}
{"identifier":"8073550468","level":"auth","message":"[Auth] Login attempt: SUCCESS","role":"ADMIN","success":true,"timestamp":"2026-01-29 18:32:50","userId":"c5735592-9acc-46f8-9644-f55d9660560e"}
{"level":"auth","message":"[Auth] Token generated","timestamp":"2026-01-29 18:32:50","userId":"c5735592-9acc-46f8-9644-f55d9660560e"}
{"level":"http","message":"POST /auth/login 200 394ms","timestamp":"2026-01-29 18:32:50"}
{"level":"http","message":"POST /auth/login 200 394ms","timestamp":"2026-01-29 18:32:50"}
{"level":"http","message":"POST /auth/login 200 395ms","timestamp":"2026-01-29 18:32:50"}
{"ip":"::1","level":"warn","message":"Permission authorization attempted without authentication","method":"GET","path":"/c5735592-9acc-46f8-9644-f55d9660560e/family","timestamp":"2026-01-29 18:34:28"}
{"ip":"::1","level":"error","message":"Request Error Authentication required","method":"GET","name":"UnauthorizedError","statusCode":401,"timestamp":"2026-01-29 18:34:28","url":"/users/c5735592-9acc-46f8-9644-f55d9660560e/family","userId":"c5735592-9acc-46f8-9644-f55d9660560e"}
{"level":"http","message":"GET /users/c5735592-9acc-46f8-9644-f55d9660560e/family 401 2ms","timestamp":"2026-01-29 18:34:28"}
{"level":"http","message":"GET /users/c5735592-9acc-46f8-9644-f55d9660560e/family 401 3ms","timestamp":"2026-01-29 18:34:28"}
{"level":"http","message":"GET /users/c5735592-9acc-46f8-9644-f55d9660560e/family 401 5ms","timestamp":"2026-01-29 18:34:28"}
{"ip":"::1","level":"warn","message":"Permission authorization attempted without authentication","method":"POST","path":"/c5735592-9acc-46f8-9644-f55d9660560e/family","timestamp":"2026-01-29 18:34:45"}
{"ip":"::1","level":"error","message":"Request Error Authentication required","method":"POST","name":"UnauthorizedError","statusCode":401,"timestamp":"2026-01-29 18:34:45","url":"/users/c5735592-9acc-46f8-9644-f55d9660560e/family","userId":"c5735592-9acc-46f8-9644-f55d9660560e"}
{"level":"http","message":"POST /users/c5735592-9acc-46f8-9644-f55d9660560e/family 401 1ms","timestamp":"2026-01-29 18:34:45"}
{"level":"http","message":"POST /users/c5735592-9acc-46f8-9644-f55d9660560e/family 401 2ms","timestamp":"2026-01-29 18:34:45"}
{"level":"http","message":"POST /users/c5735592-9acc-46f8-9644-f55d9660560e/family 401 2ms","timestamp":"2026-01-29 18:34:45"}
{"ip":"::1","level":"warn","message":"Permission authorization attempted without authentication","method":"POST","path":"/c5735592-9acc-46f8-9644-f55d9660560e/family","timestamp":"2026-01-29 18:35:44"}
{"ip":"::1","level":"error","message":"Request Error Authentication required","method":"POST","name":"UnauthorizedError","statusCode":401,"timestamp":"2026-01-29 18:35:44","url":"/users/c5735592-9acc-46f8-9644-f55d9660560e/family","userId":"c5735592-9acc-46f8-9644-f55d9660560e"}
{"level":"http","message":"POST /users/c5735592-9acc-46f8-9644-f55d9660560e/family 401 1ms","timestamp":"2026-01-29 18:35:44"}
{"level":"http","message":"POST /users/c5735592-9acc-46f8-9644-f55d9660560e/family 401 1ms","timestamp":"2026-01-29 18:35:44"}
{"level":"http","message":"POST /users/c5735592-9acc-46f8-9644-f55d9660560e/family 401 2ms","timestamp":"2026-01-29 18:35:45"}
{"ip":"::1","level":"warn","message":"Permission authorization attempted without authentication","method":"POST","path":"/userId=c5735592-9acc-46f8-9644-f55d9660560e/family","timestamp":"2026-01-29 18:44:47"}
{"ip":"::1","level":"error","message":"Request Error Authentication required","method":"POST","name":"UnauthorizedError","statusCode":401,"timestamp":"2026-01-29 18:44:47","url":"/users/userId=c5735592-9acc-46f8-9644-f55d9660560e/family","userId":"c5735592-9acc-46f8-9644-f55d9660560e"}
{"level":"http","message":"POST /users/userId=c5735592-9acc-46f8-9644-f55d9660560e/family 401 1ms","timestamp":"2026-01-29 18:44:47"}
{"level":"http","message":"POST /users/userId=c5735592-9acc-46f8-9644-f55d9660560e/family 401 2ms","timestamp":"2026-01-29 18:44:47"}
{"level":"http","message":"POST /users/userId=c5735592-9acc-46f8-9644-f55d9660560e/family 401 2ms","timestamp":"2026-01-29 18:44:47"}
{"level":"http","message":"POST /users/%7Bc5735592-9acc-46f8-9644-f55d9660560e%7D/family 401 1ms","timestamp":"2026-01-29 18:50:04"}
{"level":"http","message":"POST /users/%7Bc5735592-9acc-46f8-9644-f55d9660560e%7D/family 401 1ms","timestamp":"2026-01-29 18:50:04"}
{"level":"http","message":"POST /users/%7Bc5735592-9acc-46f8-9644-f55d9660560e%7D/family 401 2ms","timestamp":"2026-01-29 18:50:04"}
{"identifier":"8073550468","level":"auth","message":"[Auth] Login attempt: SUCCESS","role":"ADMIN","success":true,"timestamp":"2026-01-29 18:50:14","userId":"c5735592-9acc-46f8-9644-f55d9660560e"}
{"level":"auth","message":"[Auth] Token generated","timestamp":"2026-01-29 18:50:14","userId":"c5735592-9acc-46f8-9644-f55d9660560e"}
{"level":"http","message":"POST /auth/login 200 700ms","timestamp":"2026-01-29 18:50:14"}
{"level":"http","message":"POST /auth/login 200 701ms","timestamp":"2026-01-29 18:50:14"}
{"level":"http","message":"POST /auth/login 200 703ms","timestamp":"2026-01-29 18:50:14"}
{"ip":"::1","level":"warn","message":"Permission authorization attempted without authentication","method":"POST","path":"/c5735592-9acc-46f8-9644-f55d9660560e/family","timestamp":"2026-01-29 18:51:28"}
{"ip":"::1","level":"error","message":"Request Error Authentication required","method":"POST","name":"UnauthorizedError","statusCode":401,"timestamp":"2026-01-29 18:51:28","url":"/users/c5735592-9acc-46f8-9644-f55d9660560e/family","userId":"c5735592-9acc-46f8-9644-f55d9660560e"}
{"level":"http","message":"POST /users/c5735592-9acc-46f8-9644-f55d9660560e/family 401 2ms","timestamp":"2026-01-29 18:51:28"}
{"level":"http","message":"POST /users/c5735592-9acc-46f8-9644-f55d9660560e/family 401 3ms","timestamp":"2026-01-29 18:51:28"}
{"level":"http","message":"POST /users/c5735592-9acc-46f8-9644-f55d9660560e/family 401 3ms","timestamp":"2026-01-29 18:51:28"}
{"level":"http","message":"POST /auth/logout-all 200 481ms","timestamp":"2026-01-29 19:02:50"}
{"level":"http","message":"POST /auth/logout-all 200 482ms","timestamp":"2026-01-29 19:02:50"}
{"level":"http","message":"POST /auth/logout-all 200 483ms","timestamp":"2026-01-29 19:02:50"}
{"identifier":"8073550468","level":"auth","message":"[Auth] Login attempt: SUCCESS","role":"ADMIN","success":true,"timestamp":"2026-01-29 19:02:59","userId":"c5735592-9acc-46f8-9644-f55d9660560e"}
{"level":"auth","message":"[Auth] Token generated","timestamp":"2026-01-29 19:02:59","userId":"c5735592-9acc-46f8-9644-f55d9660560e"}
{"level":"http","message":"POST /auth/login 200 390ms","timestamp":"2026-01-29 19:02:59"}
{"level":"http","message":"POST /auth/login 200 391ms","timestamp":"2026-01-29 19:02:59"}
{"level":"http","message":"POST /auth/login 200 392ms","timestamp":"2026-01-29 19:02:59"}
{"environment":"development","level":"info","message":"Server started on port 3000","port":3000,"timestamp":"2026-01-29 19:03:14"}
{"host":"Supabase","level":"info","message":"Database connected successfully","timestamp":"2026-01-29 19:03:14","type":"PostgreSQL"}
{"identifier":"8073550468","level":"auth","message":"[Auth] Login attempt: SUCCESS","role":"ADMIN","success":true,"timestamp":"2026-01-29 19:03:24","userId":"c5735592-9acc-46f8-9644-f55d9660560e"}
{"level":"auth","message":"[Auth] Token generated","timestamp":"2026-01-29 19:03:24","userId":"c5735592-9acc-46f8-9644-f55d9660560e"}
{"level":"http","message":"POST /auth/login 200 385ms","timestamp":"2026-01-29 19:03:24"}
{"level":"http","message":"POST /auth/login 200 385ms","timestamp":"2026-01-29 19:03:24"}
{"level":"http","message":"POST /auth/login 200 389ms","timestamp":"2026-01-29 19:03:24"}
{"ip":"::1","level":"warn","message":"Permission authorization attempted without authentication","method":"POST","path":"/c5735592-9acc-46f8-9644-f55d9660560e/family","timestamp":"2026-01-29 19:03:53"}
{"ip":"::1","level":"error","message":"Request Error Authentication required","method":"POST","name":"UnauthorizedError","statusCode":401,"timestamp":"2026-01-29 19:03:53","url":"/users/c5735592-9acc-46f8-9644-f55d9660560e/family","userId":"c5735592-9acc-46f8-9644-f55d9660560e"}
{"level":"http","message":"POST /users/c5735592-9acc-46f8-9644-f55d9660560e/family 401 5ms","timestamp":"2026-01-29 19:03:53"}
{"level":"http","message":"POST /users/c5735592-9acc-46f8-9644-f55d9660560e/family 401 5ms","timestamp":"2026-01-29 19:03:53"}
{"level":"http","message":"POST /users/c5735592-9acc-46f8-9644-f55d9660560e/family 401 6ms","timestamp":"2026-01-29 19:03:53"}
{"environment":"development","level":"info","message":"Server started on port 3000","port":3000,"timestamp":"2026-01-29 19:04:54"}
{"host":"Supabase","level":"info","message":"Database connected successfully","timestamp":"2026-01-29 19:04:54","type":"PostgreSQL"}
{"environment":"development","level":"info","message":"Server started on port 3000","port":3000,"timestamp":"2026-01-29 19:05:17"}
{"host":"Supabase","level":"info","message":"Database connected successfully","timestamp":"2026-01-29 19:05:17","type":"PostgreSQL"}
{"environment":"development","level":"info","message":"Server started on port 3000","port":3000,"timestamp":"2026-01-29 19:05:29"}
{"host":"Supabase","level":"info","message":"Database connected successfully","timestamp":"2026-01-29 19:05:29","type":"PostgreSQL"}
{"environment":"development","level":"info","message":"Server started on port 3000","port":3000,"timestamp":"2026-01-29 19:05:31"}
{"host":"Supabase","level":"info","message":"Database connected successfully","timestamp":"2026-01-29 19:05:31","type":"PostgreSQL"}
{"environment":"development","level":"info","message":"Server started on port 3000","port":3000,"timestamp":"2026-01-29 19:05:48"}
{"host":"Supabase","level":"info","message":"Database connected successfully","timestamp":"2026-01-29 19:05:49","type":"PostgreSQL"}
{"environment":"development","level":"info","message":"Server started on port 3000","port":3000,"timestamp":"2026-01-29 19:06:24"}
{"host":"Supabase","level":"info","message":"Database connected successfully","timestamp":"2026-01-29 19:06:25","type":"PostgreSQL"}
{"environment":"development","level":"info","message":"Server started on port 3000","port":3000,"timestamp":"2026-01-29 19:06:26"}
{"host":"Supabase","level":"info","message":"Database connected successfully","timestamp":"2026-01-29 19:06:27","type":"PostgreSQL"}
{"environment":"development","level":"info","message":"Server started on port 3000","port":3000,"timestamp":"2026-01-29 19:06:28"}
{"host":"Supabase","level":"info","message":"Database connected successfully","timestamp":"2026-01-29 19:06:28","type":"PostgreSQL"}
{"environment":"development","level":"info","message":"Server started on port 3000","port":3000,"timestamp":"2026-01-29 19:06:38"}
{"host":"Supabase","level":"info","message":"Database connected successfully","timestamp":"2026-01-29 19:06:38","type":"PostgreSQL"}
{"environment":"development","level":"info","message":"Server started on port 3000","port":3000,"timestamp":"2026-01-29 19:06:39"}
{"host":"Supabase","level":"info","message":"Database connected successfully","timestamp":"2026-01-29 19:06:39","type":"PostgreSQL"}
{"environment":"development","level":"info","message":"Server started on port 3000","port":3000,"timestamp":"2026-01-29 19:06:40"}
{"host":"Supabase","level":"info","message":"Database connected successfully","timestamp":"2026-01-29 19:06:41","type":"PostgreSQL"}
{"environment":"development","level":"info","message":"Server started on port 3000","port":3000,"timestamp":"2026-01-29 19:06:42"}
{"host":"Supabase","level":"info","message":"Database connected successfully","timestamp":"2026-01-29 19:06:42","type":"PostgreSQL"}
{"ip":"::1","level":"warn","message":"Permission authorization attempted without authentication","method":"POST","path":"/c5735592-9acc-46f8-9644-f55d9660560e/family","timestamp":"2026-01-29 19:06:46"}
{"ip":"::1","level":"error","message":"Request Error Authentication required","method":"POST","name":"UnauthorizedError","statusCode":401,"timestamp":"2026-01-29 19:06:46","url":"/users/c5735592-9acc-46f8-9644-f55d9660560e/family","userId":"c5735592-9acc-46f8-9644-f55d9660560e"}
{"level":"http","message":"POST /users/c5735592-9acc-46f8-9644-f55d9660560e/family 401 7ms","timestamp":"2026-01-29 19:06:46"}
{"level":"http","message":"POST /users/c5735592-9acc-46f8-9644-f55d9660560e/family 401 7ms","timestamp":"2026-01-29 19:06:46"}
{"level":"http","message":"POST /users/c5735592-9acc-46f8-9644-f55d9660560e/family 401 11ms","timestamp":"2026-01-29 19:06:46"}
{"environment":"development","level":"info","message":"Server started on port 3000","port":3000,"timestamp":"2026-01-29 19:08:37"}
{"host":"Supabase","level":"info","message":"Database connected successfully","timestamp":"2026-01-29 19:08:37","type":"PostgreSQL"}
{"environment":"development","level":"info","message":"Server started on port 3000","port":3000,"timestamp":"2026-01-29 19:09:26"}
{"host":"Supabase","level":"info","message":"Database connected successfully","timestamp":"2026-01-29 19:09:27","type":"PostgreSQL"}
{"environment":"development","level":"info","message":"Server started on port 3000","port":3000,"timestamp":"2026-01-29 19:10:49"}
{"host":"Supabase","level":"info","message":"Database connected successfully","timestamp":"2026-01-29 19:10:49","type":"PostgreSQL"}
{"environment":"development","level":"info","message":"Server started on port 3000","port":3000,"timestamp":"2026-01-29 19:10:50"}
{"host":"Supabase","level":"info","message":"Database connected successfully","timestamp":"2026-01-29 19:10:50","type":"PostgreSQL"}
{"environment":"development","level":"info","message":"Server started on port 3000","port":3000,"timestamp":"2026-01-29 19:10:52"}
{"host":"Supabase","level":"info","message":"Database connected successfully","timestamp":"2026-01-29 19:10:52","type":"PostgreSQL"}
{"ip":"::1","level":"error","message":"Request Error Failed to generate token pair: Failed to generate access token: Invalid payload: user_id is required","method":"POST","name":"Error","statusCode":500,"timestamp":"2026-01-29 19:11:21","url":"/auth/login","userId":null}
{"ip":"::1","level":"error","message":"POST /auth/login 500 275ms","method":"POST","responseTime":"275ms","statusCode":500,"timestamp":"2026-01-29 19:11:21","url":"/auth/login","userAgent":"PostmanRuntime/7.51.0","userId":null}
{"ip":"::1","level":"error","message":"POST /auth/login 500 278ms","method":"POST","responseTime":"278ms","statusCode":500,"timestamp":"2026-01-29 19:11:21","url":"/auth/login","userAgent":"PostmanRuntime/7.51.0","userId":null}
{"ip":"::1","level":"error","message":"POST /auth/login 500 281ms","method":"POST","responseTime":"281ms","statusCode":500,"timestamp":"2026-01-29 19:11:21","url":"/auth/login","userAgent":"PostmanRuntime/7.51.0","userId":null}
{"environment":"development","level":"info","message":"Server started on port 3000","port":3000,"timestamp":"2026-01-29 19:11:51"}
{"host":"Supabase","level":"info","message":"Database connected successfully","timestamp":"2026-01-29 19:11:51","type":"PostgreSQL"}
{"environment":"development","level":"info","message":"Server started on port 3000","port":3000,"timestamp":"2026-01-29 19:12:02"}
{"host":"Supabase","level":"info","message":"Database connected successfully","timestamp":"2026-01-29 19:12:02","type":"PostgreSQL"}
{"environment":"development","level":"info","message":"Server started on port 3000","port":3000,"timestamp":"2026-01-29 19:12:11"}
{"host":"Supabase","level":"info","message":"Database connected successfully","timestamp":"2026-01-29 19:12:11","type":"PostgreSQL"}
{"environment":"development","level":"info","message":"Server started on port 3000","port":3000,"timestamp":"2026-01-29 19:12:14"}
{"host":"Supabase","level":"info","message":"Database connected successfully","timestamp":"2026-01-29 19:12:14","type":"PostgreSQL"}
{"identifier":"8073550468","level":"auth","message":"[Auth] Login attempt: SUCCESS","role":"ADMIN","success":true,"timestamp":"2026-01-29 19:12:21","userId":"c5735592-9acc-46f8-9644-f55d9660560e"}
{"level":"auth","message":"[Auth] Token generated","timestamp":"2026-01-29 19:12:21","userId":"c5735592-9acc-46f8-9644-f55d9660560e"}
{"level":"http","message":"POST /auth/login 200 405ms","timestamp":"2026-01-29 19:12:21"}
{"level":"http","message":"POST /auth/login 200 406ms","timestamp":"2026-01-29 19:12:21"}
{"level":"http","message":"POST /auth/login 200 409ms","timestamp":"2026-01-29 19:12:21"}
{"level":"auth","message":"Permission authorization successful","method":"POST","path":"/c5735592-9acc-46f8-9644-f55d9660560e/family","requiredPermissions":["create_own_family_details","manage_family_details"],"timestamp":"2026-01-29 19:12:41","userId":"c5735592-9acc-46f8-9644-f55d9660560e","userPermissions":["view_profiles","edit_own_profile","upload_photo","delete_own_photo","send_interest","accept_reject_interest","send_message","view_messages","shortlist_profiles","search_profiles","view_own_profile_viewers","report_user","manage_subscription","view_notifications","view_profiles","edit_own_profile","upload_photo","delete_own_photo","send_interest","accept_reject_interest","send_message","view_messages","shortlist_profiles","search_profiles","view_own_profile_viewers","report_user","manage_subscription","view_notifications","approve_photos","reject_photos","view_reports","moderate_content","update_report_status","warn_users","view_audit_logs","view_all_photos_pending","view_profiles","edit_own_profile","upload_photo","delete_own_photo","send_interest","accept_reject_interest","send_message","view_messages","shortlist_profiles","search_profiles","view_own_profile_viewers","report_user","manage_subscription","view_notifications","approve_photos","reject_photos","view_reports","moderate_content","update_report_status","warn_users","view_audit_logs","view_all_photos_pending","manage_users","activate_deactivate_users","delete_users","verify_profiles","manage_subscriptions","view_analytics","manage_master_data","create_moderators","manage_roles","manage_permissions","view_all_users","view_user_details","export_reports","view_revenue_reports","manual_subscription_activation","process_refunds","create_own_family_details","edit_own_family_details","view_family_details","create_own_family_details","edit_own_family_details","view_family_details","create_own_family_details","edit_own_family_details","view_family_details","manage_family_details"]}
{"level":"auth","message":"Ownership check successful","method":"POST","path":"/c5735592-9acc-46f8-9644-f55d9660560e/family","resourceId":"c5735592-9acc-46f8-9644-f55d9660560e","resourceType":"family details","timestamp":"2026-01-29 19:12:41","userId":"c5735592-9acc-46f8-9644-f55d9660560e"}
{"hasData":true,"level":"info","message":"[API] Family details created successfully","timestamp":"2026-01-29 19:12:41","userId":"c5735592-9acc-46f8-9644-f55d9660560e"}
{"level":"http","message":"POST /users/c5735592-9acc-46f8-9644-f55d9660560e/family 201 780ms","timestamp":"2026-01-29 19:12:41"}
{"level":"http","message":"POST /users/c5735592-9acc-46f8-9644-f55d9660560e/family 201 780ms","timestamp":"2026-01-29 19:12:41"}
{"level":"http","message":"POST /users/c5735592-9acc-46f8-9644-f55d9660560e/family 201 781ms","timestamp":"2026-01-29 19:12:41"}
{"level":"auth","message":"Permission authorization successful","method":"POST","path":"/c5735592-9acc-46f8-9644-f55d9660560e/family","requiredPermissions":["create_own_family_details","manage_family_details"],"timestamp":"2026-01-29 19:14:55","userId":"c5735592-9acc-46f8-9644-f55d9660560e","userPermissions":["view_profiles","edit_own_profile","upload_photo","delete_own_photo","send_interest","accept_reject_interest","send_message","view_messages","shortlist_profiles","search_profiles","view_own_profile_viewers","report_user","manage_subscription","view_notifications","view_profiles","edit_own_profile","upload_photo","delete_own_photo","send_interest","accept_reject_interest","send_message","view_messages","shortlist_profiles","search_profiles","view_own_profile_viewers","report_user","manage_subscription","view_notifications","approve_photos","reject_photos","view_reports","moderate_content","update_report_status","warn_users","view_audit_logs","view_all_photos_pending","view_profiles","edit_own_profile","upload_photo","delete_own_photo","send_interest","accept_reject_interest","send_message","view_messages","shortlist_profiles","search_profiles","view_own_profile_viewers","report_user","manage_subscription","view_notifications","approve_photos","reject_photos","view_reports","moderate_content","update_report_status","warn_users","view_audit_logs","view_all_photos_pending","manage_users","activate_deactivate_users","delete_users","verify_profiles","manage_subscriptions","view_analytics","manage_master_data","create_moderators","manage_roles","manage_permissions","view_all_users","view_user_details","export_reports","view_revenue_reports","manual_subscription_activation","process_refunds","create_own_family_details","edit_own_family_details","view_family_details","create_own_family_details","edit_own_family_details","view_family_details","create_own_family_details","edit_own_family_details","view_family_details","manage_family_details"]}
{"level":"auth","message":"Ownership check successful","method":"POST","path":"/c5735592-9acc-46f8-9644-f55d9660560e/family","resourceId":"c5735592-9acc-46f8-9644-f55d9660560e","resourceType":"family details","timestamp":"2026-01-29 19:14:55","userId":"c5735592-9acc-46f8-9644-f55d9660560e"}
{"error":"Conflict","level":"error","message":"[API] Create family details failed - already exists","stack":"Error: Conflict\n    at ProfileController.createFamilyDetails (file:///D:/Kshitij/Internship/Projects/SARVVIVAH/Backend/src/controllers/profileController.js:49:69)","timestamp":"2026-01-29 19:14:55","userId":"c5735592-9acc-46f8-9644-f55d9660560e"}
{"ip":"::1","level":"error","message":"Request Error Family details already exist for this user. Use PUT /users/:userId/family to update.","method":"POST","name":"ConflictError","statusCode":409,"timestamp":"2026-01-29 19:14:55","url":"/users/c5735592-9acc-46f8-9644-f55d9660560e/family","userId":null}
{"level":"http","message":"POST /users/c5735592-9acc-46f8-9644-f55d9660560e/family 409 682ms","timestamp":"2026-01-29 19:14:55"}
{"level":"http","message":"POST /users/c5735592-9acc-46f8-9644-f55d9660560e/family 409 682ms","timestamp":"2026-01-29 19:14:55"}
{"level":"http","message":"POST /users/c5735592-9acc-46f8-9644-f55d9660560e/family 409 683ms","timestamp":"2026-01-29 19:14:55"}
{"level":"auth","message":"Permission authorization successful","method":"POST","path":"/c5735592-9acc-46f8-9644-f55d9660560e/family","requiredPermissions":["create_own_family_details","manage_family_details"],"timestamp":"2026-01-29 19:15:05","userId":"c5735592-9acc-46f8-9644-f55d9660560e","userPermissions":["view_profiles","edit_own_profile","upload_photo","delete_own_photo","send_interest","accept_reject_interest","send_message","view_messages","shortlist_profiles","search_profiles","view_own_profile_viewers","report_user","manage_subscription","view_notifications","view_profiles","edit_own_profile","upload_photo","delete_own_photo","send_interest","accept_reject_interest","send_message","view_messages","shortlist_profiles","search_profiles","view_own_profile_viewers","report_user","manage_subscription","view_notifications","approve_photos","reject_photos","view_reports","moderate_content","update_report_status","warn_users","view_audit_logs","view_all_photos_pending","view_profiles","edit_own_profile","upload_photo","delete_own_photo","send_interest","accept_reject_interest","send_message","view_messages","shortlist_profiles","search_profiles","view_own_profile_viewers","report_user","manage_subscription","view_notifications","approve_photos","reject_photos","view_reports","moderate_content","update_report_status","warn_users","view_audit_logs","view_all_photos_pending","manage_users","activate_deactivate_users","delete_users","verify_profiles","manage_subscriptions","view_analytics","manage_master_data","create_moderators","manage_roles","manage_permissions","view_all_users","view_user_details","export_reports","view_revenue_reports","manual_subscription_activation","process_refunds","create_own_family_details","edit_own_family_details","view_family_details","create_own_family_details","edit_own_family_details","view_family_details","create_own_family_details","edit_own_family_details","view_family_details","manage_family_details"]}
{"level":"auth","message":"Ownership check successful","method":"POST","path":"/c5735592-9acc-46f8-9644-f55d9660560e/family","resourceId":"c5735592-9acc-46f8-9644-f55d9660560e","resourceType":"family details","timestamp":"2026-01-29 19:15:05","userId":"c5735592-9acc-46f8-9644-f55d9660560e"}
{"error":"Conflict","level":"error","message":"[API] Create family details failed - already exists","stack":"Error: Conflict\n    at ProfileController.createFamilyDetails (file:///D:/Kshitij/Internship/Projects/SARVVIVAH/Backend/src/controllers/profileController.js:49:69)","timestamp":"2026-01-29 19:15:05","userId":"c5735592-9acc-46f8-9644-f55d9660560e"}
{"ip":"::1","level":"error","message":"Request Error Family details already exist for this user. Use PUT /users/:userId/family to update.","method":"POST","name":"ConflictError","statusCode":409,"timestamp":"2026-01-29 19:15:05","url":"/users/c5735592-9acc-46f8-9644-f55d9660560e/family","userId":null}
{"level":"http","message":"POST /users/c5735592-9acc-46f8-9644-f55d9660560e/family 409 539ms","timestamp":"2026-01-29 19:15:05"}
{"level":"http","message":"POST /users/c5735592-9acc-46f8-9644-f55d9660560e/family 409 539ms","timestamp":"2026-01-29 19:15:05"}
{"level":"http","message":"POST /users/c5735592-9acc-46f8-9644-f55d9660560e/family 409 540ms","timestamp":"2026-01-29 19:15:05"}
{"level":"http","message":"POST /auth/create-admin 401 1ms","timestamp":"2026-01-29 19:17:00"}
{"level":"http","message":"POST /auth/create-admin 401 2ms","timestamp":"2026-01-29 19:17:00"}
{"level":"http","message":"POST /auth/create-admin 401 3ms","timestamp":"2026-01-29 19:17:00"}
{"identifier":"8073550468","level":"auth","message":"[Auth] Login attempt: SUCCESS","role":"ADMIN","success":true,"timestamp":"2026-01-29 19:17:11","userId":"c5735592-9acc-46f8-9644-f55d9660560e"}
{"level":"auth","message":"[Auth] Token generated","timestamp":"2026-01-29 19:17:11","userId":"c5735592-9acc-46f8-9644-f55d9660560e"}
{"level":"http","message":"POST /auth/login 200 398ms","timestamp":"2026-01-29 19:17:11"}
{"level":"http","message":"POST /auth/login 200 398ms","timestamp":"2026-01-29 19:17:11"}
{"level":"http","message":"POST /auth/login 200 399ms","timestamp":"2026-01-29 19:17:11"}
{"ip":"::1","level":"error","message":"Request Error [\n  {\n    \"code\": \"invalid_value\",\n    \"values\": [\n      \"ADMIN\",\n      \"MODERATOR\"\n    ],\n    \"path\": [\n      \"role\"\n    ],\n    \"message\": \"Invalid option: expected one of \\\"ADMIN\\\"|\\\"MODERATOR\\\"\"\n  }\n]","method":"POST","name":"ZodError","statusCode":500,"timestamp":"2026-01-29 19:17:25","url":"/auth/create-admin","userId":null}
{"level":"http","message":"POST /auth/create-admin 422 3ms","timestamp":"2026-01-29 19:17:25"}
{"level":"http","message":"POST /auth/create-admin 422 4ms","timestamp":"2026-01-29 19:17:25"}
{"level":"http","message":"POST /auth/create-admin 422 5ms","timestamp":"2026-01-29 19:17:25"}
{"level":"auth","message":"[Auth] OTP sent","mobile":"6362115998","purpose":"SIGNUP","status":"success","timestamp":"2026-01-29 19:20:41"}
{"level":"http","message":"POST /auth/send-otp 200 600ms","timestamp":"2026-01-29 19:20:41"}
{"level":"http","message":"POST /auth/send-otp 200 601ms","timestamp":"2026-01-29 19:20:41"}
{"level":"http","message":"POST /auth/send-otp 200 601ms","timestamp":"2026-01-29 19:20:41"}
{"environment":"development","level":"info","message":"Server started on port 3000","port":3000,"timestamp":"2026-01-29 19:20:58"}
{"host":"Supabase","level":"info","message":"Database connected successfully","timestamp":"2026-01-29 19:20:58","type":"PostgreSQL"}
{"level":"auth","message":"[Auth] OTP sent","mobile":"6362115998","purpose":"SIGNUP","status":"success","timestamp":"2026-01-29 19:21:03"}
{"level":"http","message":"POST /auth/send-otp 200 252ms","timestamp":"2026-01-29 19:21:03"}
{"level":"http","message":"POST /auth/send-otp 200 253ms","timestamp":"2026-01-29 19:21:03"}
{"level":"http","message":"POST /auth/send-otp 200 257ms","timestamp":"2026-01-29 19:21:03"}
{"level":"auth","message":"[Auth] OTP verification: SUCCESS","mobile":"6362115998","success":true,"timestamp":"2026-01-29 19:21:53"}
{"level":"http","message":"POST /auth/verify-otp 200 291ms","timestamp":"2026-01-29 19:21:53"}
{"level":"http","message":"POST /auth/verify-otp 200 292ms","timestamp":"2026-01-29 19:21:53"}
{"level":"http","message":"POST /auth/verify-otp 200 293ms","timestamp":"2026-01-29 19:21:53"}
{"fullName":"D Amogha Hande","identifier":"6362115998","level":"auth","message":"[Auth] Signup: SUCCESS","success":true,"timestamp":"2026-01-29 19:22:47","userId":"7af0cc53-de82-48c7-8711-18e8dea6cb9c"}
{"level":"http","message":"POST /auth/signup 201 701ms","timestamp":"2026-01-29 19:22:47"}
{"level":"http","message":"POST /auth/signup 201 701ms","timestamp":"2026-01-29 19:22:47"}
{"level":"http","message":"POST /auth/signup 201 702ms","timestamp":"2026-01-29 19:22:47"}
{"level":"auth","message":"Permission authorization successful","method":"POST","path":"/c5735592-9acc-46f8-9644-f55d9660560e/family","requiredPermissions":["create_own_family_details","manage_family_details"],"timestamp":"2026-01-29 19:24:57","userId":"7af0cc53-de82-48c7-8711-18e8dea6cb9c","userPermissions":["view_profiles","edit_own_profile","upload_photo","delete_own_photo","send_interest","accept_reject_interest","send_message","view_messages","shortlist_profiles","search_profiles","view_own_profile_viewers","report_user","manage_subscription","view_notifications","view_profiles","edit_own_profile","upload_photo","delete_own_photo","send_interest","accept_reject_interest","send_message","view_messages","shortlist_profiles","search_profiles","view_own_profile_viewers","report_user","manage_subscription","view_notifications","approve_photos","reject_photos","view_reports","moderate_content","update_report_status","warn_users","view_audit_logs","view_all_photos_pending","view_profiles","edit_own_profile","upload_photo","delete_own_photo","send_interest","accept_reject_interest","send_message","view_messages","shortlist_profiles","search_profiles","view_own_profile_viewers","report_user","manage_subscription","view_notifications","approve_photos","reject_photos","view_reports","moderate_content","update_report_status","warn_users","view_audit_logs","view_all_photos_pending","manage_users","activate_deactivate_users","delete_users","verify_profiles","manage_subscriptions","view_analytics","manage_master_data","create_moderators","manage_roles","manage_permissions","view_all_users","view_user_details","export_reports","view_revenue_reports","manual_subscription_activation","process_refunds","create_own_family_details","edit_own_family_details","view_family_details","create_own_family_details","edit_own_family_details","view_family_details","create_own_family_details","edit_own_family_details","view_family_details","manage_family_details"]}
{"ip":"::1","level":"warn","message":"Ownership check failed","method":"POST","path":"/c5735592-9acc-46f8-9644-f55d9660560e/family","resourceId":"c5735592-9acc-46f8-9644-f55d9660560e","resourceType":"family details","timestamp":"2026-01-29 19:24:57","userId":"7af0cc53-de82-48c7-8711-18e8dea6cb9c"}
{"action":"Resource ownership violation","error":"\nInvalid `prisma.auditLog.create()` invocation:\n\n{\n  data: {\n    user_id: \"7af0cc53-de82-48c7-8711-18e8dea6cb9c\",\n    ~~~~~~~\n    action: \"Resource ownership violation\",\n    table_name: \"authorization\",\n    record_id: \"7af0cc53-de82-48c7-8711-18e8dea6cb9c\",\n    old_values: null,\n    new_values: \"{\\\"path\\\":\\\"/c5735592-9acc-46f8-9644-f55d9660560e/family\\\",\\\"method\\\":\\\"POST\\\",\\\"ip\\\":\\\"::1\\\",\\\"userAgent\\\":\\\"PostmanRuntime/7.51.0\\\",\\\"resourceId\\\":\\\"c5735592-9acc-46f8-9644-f55d9660560e\\\",\\\"resourceType\\\":\\\"family details\\\"}\",\n    ip_address: \"::1\",\n    user_agent: \"PostmanRuntime/7.51.0\",\n?   created_at?: DateTime,\n?   actor?: UserCreateNestedOneWithoutAudit_logsInput\n  }\n}\n\nUnknown argument `user_id`. Available options are marked with ?.","level":"error","message":"Failed to log authorization failure to audit trail","timestamp":"2026-01-29 19:24:57","userId":"7af0cc53-de82-48c7-8711-18e8dea6cb9c"}
{"ip":"::1","level":"error","message":"Request Error You do not have permission to access this resource","method":"POST","name":"ForbiddenError","statusCode":403,"timestamp":"2026-01-29 19:24:57","url":"/users/c5735592-9acc-46f8-9644-f55d9660560e/family","userId":null}
{"level":"http","message":"POST /users/c5735592-9acc-46f8-9644-f55d9660560e/family 403 360ms","timestamp":"2026-01-29 19:24:57"}
{"level":"http","message":"POST /users/c5735592-9acc-46f8-9644-f55d9660560e/family 403 360ms","timestamp":"2026-01-29 19:24:57"}
{"level":"http","message":"POST /users/c5735592-9acc-46f8-9644-f55d9660560e/family 403 361ms","timestamp":"2026-01-29 19:24:57"}
{"level":"auth","message":"Permission authorization successful","method":"POST","path":"/7af0cc53-de82-48c7-8711-18e8dea6cb9c/family","requiredPermissions":["create_own_family_details","manage_family_details"],"timestamp":"2026-01-29 19:25:35","userId":"7af0cc53-de82-48c7-8711-18e8dea6cb9c","userPermissions":["view_profiles","edit_own_profile","upload_photo","delete_own_photo","send_interest","accept_reject_interest","send_message","view_messages","shortlist_profiles","search_profiles","view_own_profile_viewers","report_user","manage_subscription","view_notifications","view_profiles","edit_own_profile","upload_photo","delete_own_photo","send_interest","accept_reject_interest","send_message","view_messages","shortlist_profiles","search_profiles","view_own_profile_viewers","report_user","manage_subscription","view_notifications","approve_photos","reject_photos","view_reports","moderate_content","update_report_status","warn_users","view_audit_logs","view_all_photos_pending","view_profiles","edit_own_profile","upload_photo","delete_own_photo","send_interest","accept_reject_interest","send_message","view_messages","shortlist_profiles","search_profiles","view_own_profile_viewers","report_user","manage_subscription","view_notifications","approve_photos","reject_photos","view_reports","moderate_content","update_report_status","warn_users","view_audit_logs","view_all_photos_pending","manage_users","activate_deactivate_users","delete_users","verify_profiles","manage_subscriptions","view_analytics","manage_master_data","create_moderators","manage_roles","manage_permissions","view_all_users","view_user_details","export_reports","view_revenue_reports","manual_subscription_activation","process_refunds","create_own_family_details","edit_own_family_details","view_family_details","create_own_family_details","edit_own_family_details","view_family_details","create_own_family_details","edit_own_family_details","view_family_details","manage_family_details"]}
{"level":"auth","message":"Ownership check successful","method":"POST","path":"/7af0cc53-de82-48c7-8711-18e8dea6cb9c/family","resourceId":"7af0cc53-de82-48c7-8711-18e8dea6cb9c","resourceType":"family details","timestamp":"2026-01-29 19:25:35","userId":"7af0cc53-de82-48c7-8711-18e8dea6cb9c"}
{"hasData":true,"level":"info","message":"[API] Family details created successfully","timestamp":"2026-01-29 19:25:36","userId":"7af0cc53-de82-48c7-8711-18e8dea6cb9c"}
{"level":"http","message":"POST /users/7af0cc53-de82-48c7-8711-18e8dea6cb9c/family 201 690ms","timestamp":"2026-01-29 19:25:36"}
{"level":"http","message":"POST /users/7af0cc53-de82-48c7-8711-18e8dea6cb9c/family 201 691ms","timestamp":"2026-01-29 19:25:36"}
{"level":"http","message":"POST /users/7af0cc53-de82-48c7-8711-18e8dea6cb9c/family 201 691ms","timestamp":"2026-01-29 19:25:36"}
{"level":"auth","message":"Permission authorization successful","method":"POST","path":"/7af0cc53-de82-48c7-8711-18e8dea6cb9c/family","requiredPermissions":["create_own_family_details","manage_family_details"],"timestamp":"2026-01-29 19:29:35","userId":"7af0cc53-de82-48c7-8711-18e8dea6cb9c","userPermissions":["view_profiles","edit_own_profile","upload_photo","delete_own_photo","send_interest","accept_reject_interest","send_message","view_messages","shortlist_profiles","search_profiles","view_own_profile_viewers","report_user","manage_subscription","view_notifications","view_profiles","edit_own_profile","upload_photo","delete_own_photo","send_interest","accept_reject_interest","send_message","view_messages","shortlist_profiles","search_profiles","view_own_profile_viewers","report_user","manage_subscription","view_notifications","approve_photos","reject_photos","view_reports","moderate_content","update_report_status","warn_users","view_audit_logs","view_all_photos_pending","view_profiles","edit_own_profile","upload_photo","delete_own_photo","send_interest","accept_reject_interest","send_message","view_messages","shortlist_profiles","search_profiles","view_own_profile_viewers","report_user","manage_subscription","view_notifications","approve_photos","reject_photos","view_reports","moderate_content","update_report_status","warn_users","view_audit_logs","view_all_photos_pending","manage_users","activate_deactivate_users","delete_users","verify_profiles","manage_subscriptions","view_analytics","manage_master_data","create_moderators","manage_roles","manage_permissions","view_all_users","view_user_details","export_reports","view_revenue_reports","manual_subscription_activation","process_refunds","create_own_family_details","edit_own_family_details","view_family_details","create_own_family_details","edit_own_family_details","view_family_details","create_own_family_details","edit_own_family_details","view_family_details","manage_family_details"]}
{"level":"auth","message":"Ownership check successful","method":"POST","path":"/7af0cc53-de82-48c7-8711-18e8dea6cb9c/family","resourceId":"7af0cc53-de82-48c7-8711-18e8dea6cb9c","resourceType":"family details","timestamp":"2026-01-29 19:29:35","userId":"7af0cc53-de82-48c7-8711-18e8dea6cb9c"}
{"hasData":true,"level":"info","message":"[API] Family details created successfully","timestamp":"2026-01-29 19:29:36","userId":"7af0cc53-de82-48c7-8711-18e8dea6cb9c"}
{"level":"http","message":"POST /users/7af0cc53-de82-48c7-8711-18e8dea6cb9c/family 201 1070ms","timestamp":"2026-01-29 19:29:36"}
{"level":"http","message":"POST /users/7af0cc53-de82-48c7-8711-18e8dea6cb9c/family 201 1070ms","timestamp":"2026-01-29 19:29:36"}
{"level":"http","message":"POST /users/7af0cc53-de82-48c7-8711-18e8dea6cb9c/family 201 1071ms","timestamp":"2026-01-29 19:29:36"}
{"level":"auth","message":"Permission authorization successful","method":"POST","path":"/7af0cc53-de82-48c7-8711-18e8dea6cb9c/family","requiredPermissions":["create_own_family_details","manage_family_details"],"timestamp":"2026-01-29 19:30:24","userId":"7af0cc53-de82-48c7-8711-18e8dea6cb9c","userPermissions":["view_profiles","edit_own_profile","upload_photo","delete_own_photo","send_interest","accept_reject_interest","send_message","view_messages","shortlist_profiles","search_profiles","view_own_profile_viewers","report_user","manage_subscription","view_notifications","view_profiles","edit_own_profile","upload_photo","delete_own_photo","send_interest","accept_reject_interest","send_message","view_messages","shortlist_profiles","search_profiles","view_own_profile_viewers","report_user","manage_subscription","view_notifications","approve_photos","reject_photos","view_reports","moderate_content","update_report_status","warn_users","view_audit_logs","view_all_photos_pending","view_profiles","edit_own_profile","upload_photo","delete_own_photo","send_interest","accept_reject_interest","send_message","view_messages","shortlist_profiles","search_profiles","view_own_profile_viewers","report_user","manage_subscription","view_notifications","approve_photos","reject_photos","view_reports","moderate_content","update_report_status","warn_users","view_audit_logs","view_all_photos_pending","manage_users","activate_deactivate_users","delete_users","verify_profiles","manage_subscriptions","view_analytics","manage_master_data","create_moderators","manage_roles","manage_permissions","view_all_users","view_user_details","export_reports","view_revenue_reports","manual_subscription_activation","process_refunds","create_own_family_details","edit_own_family_details","view_family_details","create_own_family_details","edit_own_family_details","view_family_details","create_own_family_details","edit_own_family_details","view_family_details","manage_family_details"]}
{"level":"auth","message":"Ownership check successful","method":"POST","path":"/7af0cc53-de82-48c7-8711-18e8dea6cb9c/family","resourceId":"7af0cc53-de82-48c7-8711-18e8dea6cb9c","resourceType":"family details","timestamp":"2026-01-29 19:30:24","userId":"7af0cc53-de82-48c7-8711-18e8dea6cb9c"}
{"hasData":false,"level":"info","message":"[API] Family details created successfully","timestamp":"2026-01-29 19:30:24","userId":"7af0cc53-de82-48c7-8711-18e8dea6cb9c"}
{"level":"http","message":"POST /users/7af0cc53-de82-48c7-8711-18e8dea6cb9c/family 201 691ms","timestamp":"2026-01-29 19:30:24"}
{"level":"http","message":"POST /users/7af0cc53-de82-48c7-8711-18e8dea6cb9c/family 201 691ms","timestamp":"2026-01-29 19:30:24"}
{"level":"http","message":"POST /users/7af0cc53-de82-48c7-8711-18e8dea6cb9c/family 201 692ms","timestamp":"2026-01-29 19:30:24"}
{"level":"auth","message":"Permission authorization successful","method":"POST","path":"/7af0cc53-de82-48c7-8711-18e8dea6cb9c/family","requiredPermissions":["create_own_family_details","manage_family_details"],"timestamp":"2026-01-29 19:33:27","userId":"7af0cc53-de82-48c7-8711-18e8dea6cb9c","userPermissions":["view_profiles","edit_own_profile","upload_photo","delete_own_photo","send_interest","accept_reject_interest","send_message","view_messages","shortlist_profiles","search_profiles","view_own_profile_viewers","report_user","manage_subscription","view_notifications","view_profiles","edit_own_profile","upload_photo","delete_own_photo","send_interest","accept_reject_interest","send_message","view_messages","shortlist_profiles","search_profiles","view_own_profile_viewers","report_user","manage_subscription","view_notifications","approve_photos","reject_photos","view_reports","moderate_content","update_report_status","warn_users","view_audit_logs","view_all_photos_pending","view_profiles","edit_own_profile","upload_photo","delete_own_photo","send_interest","accept_reject_interest","send_message","view_messages","shortlist_profiles","search_profiles","view_own_profile_viewers","report_user","manage_subscription","view_notifications","approve_photos","reject_photos","view_reports","moderate_content","update_report_status","warn_users","view_audit_logs","view_all_photos_pending","manage_users","activate_deactivate_users","delete_users","verify_profiles","manage_subscriptions","view_analytics","manage_master_data","create_moderators","manage_roles","manage_permissions","view_all_users","view_user_details","export_reports","view_revenue_reports","manual_subscription_activation","process_refunds","create_own_family_details","edit_own_family_details","view_family_details","create_own_family_details","edit_own_family_details","view_family_details","create_own_family_details","edit_own_family_details","view_family_details","manage_family_details"]}
{"level":"auth","message":"Ownership check successful","method":"POST","path":"/7af0cc53-de82-48c7-8711-18e8dea6cb9c/family","resourceId":"7af0cc53-de82-48c7-8711-18e8dea6cb9c","resourceType":"family details","timestamp":"2026-01-29 19:33:27","userId":"7af0cc53-de82-48c7-8711-18e8dea6cb9c"}
{"ip":"::1","level":"error","message":"Request Error [\n  {\n    \"code\": \"invalid_value\",\n    \"values\": [\n      \"Orthodox\",\n      \"Traditional\",\n      \"Moderate\",\n      \"Liberal\",\n      \"Progressive\"\n    ],\n    \"path\": [\n      \"family_values\"\n    ],\n    \"message\": \"Invalid option: expected one of \\\"Orthodox\\\"|\\\"Traditional\\\"|\\\"Moderate\\\"|\\\"Liberal\\\"|\\\"Progressive\\\"\"\n  }\n]","method":"POST","name":"ZodError","statusCode":500,"timestamp":"2026-01-29 19:33:27","url":"/users/7af0cc53-de82-48c7-8711-18e8dea6cb9c/family","userId":null}
{"level":"http","message":"POST /users/7af0cc53-de82-48c7-8711-18e8dea6cb9c/family 422 388ms","timestamp":"2026-01-29 19:33:27"}
{"level":"http","message":"POST /users/7af0cc53-de82-48c7-8711-18e8dea6cb9c/family 422 388ms","timestamp":"2026-01-29 19:33:27"}
{"level":"http","message":"POST /users/7af0cc53-de82-48c7-8711-18e8dea6cb9c/family 422 389ms","timestamp":"2026-01-29 19:33:27"}
{"ip":"::1","level":"error","message":"Request Error Bad control character in string literal in JSON at position 143 (line 2 column 141)","method":"POST","name":"SyntaxError","statusCode":400,"timestamp":"2026-01-29 19:37:32","url":"/users/7af0cc53-de82-48c7-8711-18e8dea6cb9c/family","userId":null}
{"level":"http","message":"POST /users/7af0cc53-de82-48c7-8711-18e8dea6cb9c/family 401 0ms","timestamp":"2026-01-29 19:39:30"}
{"level":"http","message":"POST /users/7af0cc53-de82-48c7-8711-18e8dea6cb9c/family 401 1ms","timestamp":"2026-01-29 19:39:30"}
{"level":"http","message":"POST /users/7af0cc53-de82-48c7-8711-18e8dea6cb9c/family 401 2ms","timestamp":"2026-01-29 19:39:30"}
{"identifier":"6362115998","level":"auth","message":"[Auth] Login attempt: SUCCESS","role":"USER","success":true,"timestamp":"2026-01-29 19:40:20","userId":"7af0cc53-de82-48c7-8711-18e8dea6cb9c"}
{"level":"auth","message":"[Auth] Token generated","timestamp":"2026-01-29 19:40:20","userId":"7af0cc53-de82-48c7-8711-18e8dea6cb9c"}
{"level":"http","message":"POST /auth/login 200 646ms","timestamp":"2026-01-29 19:40:20"}
{"level":"http","message":"POST /auth/login 200 646ms","timestamp":"2026-01-29 19:40:20"}
{"level":"http","message":"POST /auth/login 200 647ms","timestamp":"2026-01-29 19:40:20"}
{"level":"auth","message":"Permission authorization successful","method":"POST","path":"/7af0cc53-de82-48c7-8711-18e8dea6cb9c/family","requiredPermissions":["create_own_family_details","manage_family_details"],"timestamp":"2026-01-29 19:40:46","userId":"7af0cc53-de82-48c7-8711-18e8dea6cb9c","userPermissions":["view_profiles","edit_own_profile","upload_photo","delete_own_photo","send_interest","accept_reject_interest","send_message","view_messages","shortlist_profiles","search_profiles","view_own_profile_viewers","report_user","manage_subscription","view_notifications","view_profiles","edit_own_profile","upload_photo","delete_own_photo","send_interest","accept_reject_interest","send_message","view_messages","shortlist_profiles","search_profiles","view_own_profile_viewers","report_user","manage_subscription","view_notifications","approve_photos","reject_photos","view_reports","moderate_content","update_report_status","warn_users","view_audit_logs","view_all_photos_pending","view_profiles","edit_own_profile","upload_photo","delete_own_photo","send_interest","accept_reject_interest","send_message","view_messages","shortlist_profiles","search_profiles","view_own_profile_viewers","report_user","manage_subscription","view_notifications","approve_photos","reject_photos","view_reports","moderate_content","update_report_status","warn_users","view_audit_logs","view_all_photos_pending","manage_users","activate_deactivate_users","delete_users","verify_profiles","manage_subscriptions","view_analytics","manage_master_data","create_moderators","manage_roles","manage_permissions","view_all_users","view_user_details","export_reports","view_revenue_reports","manual_subscription_activation","process_refunds","create_own_family_details","edit_own_family_details","view_family_details","create_own_family_details","edit_own_family_details","view_family_details","create_own_family_details","edit_own_family_details","view_family_details","manage_family_details"]}
{"level":"auth","message":"Ownership check successful","method":"POST","path":"/7af0cc53-de82-48c7-8711-18e8dea6cb9c/family","resourceId":"7af0cc53-de82-48c7-8711-18e8dea6cb9c","resourceType":"family details","timestamp":"2026-01-29 19:40:46","userId":"7af0cc53-de82-48c7-8711-18e8dea6cb9c"}
{"ip":"::1","level":"error","message":"Request Error [\n  {\n    \"origin\": \"string\",\n    \"code\": \"too_big\",\n    \"maximum\": 150,\n    \"inclusive\": true,\n    \"path\": [\n      \"father_occupation\"\n    ],\n    \"message\": \"Father occupation must not exceed 150 characters\"\n  }\n]","method":"POST","name":"ZodError","statusCode":500,"timestamp":"2026-01-29 19:40:46","url":"/users/7af0cc53-de82-48c7-8711-18e8dea6cb9c/family","userId":null}
{"level":"http","message":"POST /users/7af0cc53-de82-48c7-8711-18e8dea6cb9c/family 422 335ms","timestamp":"2026-01-29 19:40:46"}
{"level":"http","message":"POST /users/7af0cc53-de82-48c7-8711-18e8dea6cb9c/family 422 335ms","timestamp":"2026-01-29 19:40:46"}
{"level":"http","message":"POST /users/7af0cc53-de82-48c7-8711-18e8dea6cb9c/family 422 336ms","timestamp":"2026-01-29 19:40:46"}
{"level":"auth","message":"Permission authorization successful","method":"POST","path":"/c5735592-9acc-46f8-9644-f55d9660560e/family","requiredPermissions":["create_own_family_details","manage_family_details"],"timestamp":"2026-01-29 19:43:12","userId":"7af0cc53-de82-48c7-8711-18e8dea6cb9c","userPermissions":["view_profiles","edit_own_profile","upload_photo","delete_own_photo","send_interest","accept_reject_interest","send_message","view_messages","shortlist_profiles","search_profiles","view_own_profile_viewers","report_user","manage_subscription","view_notifications","view_profiles","edit_own_profile","upload_photo","delete_own_photo","send_interest","accept_reject_interest","send_message","view_messages","shortlist_profiles","search_profiles","view_own_profile_viewers","report_user","manage_subscription","view_notifications","approve_photos","reject_photos","view_reports","moderate_content","update_report_status","warn_users","view_audit_logs","view_all_photos_pending","view_profiles","edit_own_profile","upload_photo","delete_own_photo","send_interest","accept_reject_interest","send_message","view_messages","shortlist_profiles","search_profiles","view_own_profile_viewers","report_user","manage_subscription","view_notifications","approve_photos","reject_photos","view_reports","moderate_content","update_report_status","warn_users","view_audit_logs","view_all_photos_pending","manage_users","activate_deactivate_users","delete_users","verify_profiles","manage_subscriptions","view_analytics","manage_master_data","create_moderators","manage_roles","manage_permissions","view_all_users","view_user_details","export_reports","view_revenue_reports","manual_subscription_activation","process_refunds","create_own_family_details","edit_own_family_details","view_family_details","create_own_family_details","edit_own_family_details","view_family_details","create_own_family_details","edit_own_family_details","view_family_details","manage_family_details"]}
{"ip":"::1","level":"warn","message":"Ownership check failed","method":"POST","path":"/c5735592-9acc-46f8-9644-f55d9660560e/family","resourceId":"c5735592-9acc-46f8-9644-f55d9660560e","resourceType":"family details","timestamp":"2026-01-29 19:43:12","userId":"7af0cc53-de82-48c7-8711-18e8dea6cb9c"}
{"action":"Resource ownership violation","error":"\nInvalid `prisma.auditLog.create()` invocation:\n\n{\n  data: {\n    user_id: \"7af0cc53-de82-48c7-8711-18e8dea6cb9c\",\n    ~~~~~~~\n    action: \"Resource ownership violation\",\n    table_name: \"authorization\",\n    record_id: \"7af0cc53-de82-48c7-8711-18e8dea6cb9c\",\n    old_values: null,\n    new_values: \"{\\\"path\\\":\\\"/c5735592-9acc-46f8-9644-f55d9660560e/family\\\",\\\"method\\\":\\\"POST\\\",\\\"ip\\\":\\\"::1\\\",\\\"userAgent\\\":\\\"PostmanRuntime/7.51.0\\\",\\\"resourceId\\\":\\\"c5735592-9acc-46f8-9644-f55d9660560e\\\",\\\"resourceType\\\":\\\"family details\\\"}\",\n    ip_address: \"::1\",\n    user_agent: \"PostmanRuntime/7.51.0\",\n?   created_at?: DateTime,\n?   actor?: UserCreateNestedOneWithoutAudit_logsInput\n  }\n}\n\nUnknown argument `user_id`. Available options are marked with ?.","level":"error","message":"Failed to log authorization failure to audit trail","timestamp":"2026-01-29 19:43:12","userId":"7af0cc53-de82-48c7-8711-18e8dea6cb9c"}
{"ip":"::1","level":"error","message":"Request Error You do not have permission to access this resource","method":"POST","name":"ForbiddenError","statusCode":403,"timestamp":"2026-01-29 19:43:12","url":"/users/c5735592-9acc-46f8-9644-f55d9660560e/family","userId":null}
{"level":"http","message":"POST /users/c5735592-9acc-46f8-9644-f55d9660560e/family 403 333ms","timestamp":"2026-01-29 19:43:12"}
{"level":"http","message":"POST /users/c5735592-9acc-46f8-9644-f55d9660560e/family 403 334ms","timestamp":"2026-01-29 19:43:12"}
{"level":"http","message":"POST /users/c5735592-9acc-46f8-9644-f55d9660560e/family 403 335ms","timestamp":"2026-01-29 19:43:12"}
{"level":"auth","message":"Permission authorization successful","method":"POST","path":"/7af0cc53-de82-48c7-8711-18e8dea6cb9c/family","requiredPermissions":["create_own_family_details","manage_family_details"],"timestamp":"2026-01-29 19:46:37","userId":"7af0cc53-de82-48c7-8711-18e8dea6cb9c","userPermissions":["view_profiles","edit_own_profile","upload_photo","delete_own_photo","send_interest","accept_reject_interest","send_message","view_messages","shortlist_profiles","search_profiles","view_own_profile_viewers","report_user","manage_subscription","view_notifications","view_profiles","edit_own_profile","upload_photo","delete_own_photo","send_interest","accept_reject_interest","send_message","view_messages","shortlist_profiles","search_profiles","view_own_profile_viewers","report_user","manage_subscription","view_notifications","approve_photos","reject_photos","view_reports","moderate_content","update_report_status","warn_users","view_audit_logs","view_all_photos_pending","view_profiles","edit_own_profile","upload_photo","delete_own_photo","send_interest","accept_reject_interest","send_message","view_messages","shortlist_profiles","search_profiles","view_own_profile_viewers","report_user","manage_subscription","view_notifications","approve_photos","reject_photos","view_reports","moderate_content","update_report_status","warn_users","view_audit_logs","view_all_photos_pending","manage_users","activate_deactivate_users","delete_users","verify_profiles","manage_subscriptions","view_analytics","manage_master_data","create_moderators","manage_roles","manage_permissions","view_all_users","view_user_details","export_reports","view_revenue_reports","manual_subscription_activation","process_refunds","create_own_family_details","edit_own_family_details","view_family_details","create_own_family_details","edit_own_family_details","view_family_details","create_own_family_details","edit_own_family_details","view_family_details","manage_family_details"]}
{"level":"auth","message":"Ownership check successful","method":"POST","path":"/7af0cc53-de82-48c7-8711-18e8dea6cb9c/family","resourceId":"7af0cc53-de82-48c7-8711-18e8dea6cb9c","resourceType":"family details","timestamp":"2026-01-29 19:46:37","userId":"7af0cc53-de82-48c7-8711-18e8dea6cb9c"}
{"hasData":true,"level":"info","message":"[API] Family details created successfully","timestamp":"2026-01-29 19:46:37","userId":"7af0cc53-de82-48c7-8711-18e8dea6cb9c"}
{"level":"http","message":"POST /users/7af0cc53-de82-48c7-8711-18e8dea6cb9c/family 201 860ms","timestamp":"2026-01-29 19:46:37"}
{"level":"http","message":"POST /users/7af0cc53-de82-48c7-8711-18e8dea6cb9c/family 201 861ms","timestamp":"2026-01-29 19:46:37"}
{"level":"http","message":"POST /users/7af0cc53-de82-48c7-8711-18e8dea6cb9c/family 201 862ms","timestamp":"2026-01-29 19:46:37"}
{"level":"auth","message":"Permission authorization successful","method":"POST","path":"/7af0cc53-de82-48c7-8711-18e8dea6cb9c/family","requiredPermissions":["create_own_family_details","manage_family_details"],"timestamp":"2026-01-29 19:51:35","userId":"7af0cc53-de82-48c7-8711-18e8dea6cb9c","userPermissions":["view_profiles","edit_own_profile","upload_photo","delete_own_photo","send_interest","accept_reject_interest","send_message","view_messages","shortlist_profiles","search_profiles","view_own_profile_viewers","report_user","manage_subscription","view_notifications","view_profiles","edit_own_profile","upload_photo","delete_own_photo","send_interest","accept_reject_interest","send_message","view_messages","shortlist_profiles","search_profiles","view_own_profile_viewers","report_user","manage_subscription","view_notifications","approve_photos","reject_photos","view_reports","moderate_content","update_report_status","warn_users","view_audit_logs","view_all_photos_pending","view_profiles","edit_own_profile","upload_photo","delete_own_photo","send_interest","accept_reject_interest","send_message","view_messages","shortlist_profiles","search_profiles","view_own_profile_viewers","report_user","manage_subscription","view_notifications","approve_photos","reject_photos","view_reports","moderate_content","update_report_status","warn_users","view_audit_logs","view_all_photos_pending","manage_users","activate_deactivate_users","delete_users","verify_profiles","manage_subscriptions","view_analytics","manage_master_data","create_moderators","manage_roles","manage_permissions","view_all_users","view_user_details","export_reports","view_revenue_reports","manual_subscription_activation","process_refunds","create_own_family_details","edit_own_family_details","view_family_details","create_own_family_details","edit_own_family_details","view_family_details","create_own_family_details","edit_own_family_details","view_family_details","manage_family_details"]}
{"level":"auth","message":"Ownership check successful","method":"POST","path":"/7af0cc53-de82-48c7-8711-18e8dea6cb9c/family","resourceId":"7af0cc53-de82-48c7-8711-18e8dea6cb9c","resourceType":"family details","timestamp":"2026-01-29 19:51:35","userId":"7af0cc53-de82-48c7-8711-18e8dea6cb9c"}
{"error":"Conflict","level":"error","message":"[API] Create family details failed - already exists","stack":"Error: Conflict\n    at ProfileController.createFamilyDetails (file:///D:/Kshitij/Internship/Projects/SARVVIVAH/Backend/src/controllers/profileController.js:49:69)","timestamp":"2026-01-29 19:51:36","userId":"7af0cc53-de82-48c7-8711-18e8dea6cb9c"}
{"ip":"::1","level":"error","message":"Request Error Family details already exist for this user. Use PUT /users/:userId/family to update.","method":"POST","name":"ConflictError","statusCode":409,"timestamp":"2026-01-29 19:51:36","url":"/users/7af0cc53-de82-48c7-8711-18e8dea6cb9c/family","userId":null}
{"level":"http","message":"POST /users/7af0cc53-de82-48c7-8711-18e8dea6cb9c/family 409 672ms","timestamp":"2026-01-29 19:51:36"}
{"level":"http","message":"POST /users/7af0cc53-de82-48c7-8711-18e8dea6cb9c/family 409 673ms","timestamp":"2026-01-29 19:51:36"}
{"level":"http","message":"POST /users/7af0cc53-de82-48c7-8711-18e8dea6cb9c/family 409 673ms","timestamp":"2026-01-29 19:51:36"}
{"level":"auth","message":"Permission authorization successful","method":"PUT","path":"/7af0cc53-de82-48c7-8711-18e8dea6cb9c/family","requiredPermissions":["edit_own_family_details","manage_family_details"],"timestamp":"2026-01-29 19:51:45","userId":"7af0cc53-de82-48c7-8711-18e8dea6cb9c","userPermissions":["view_profiles","edit_own_profile","upload_photo","delete_own_photo","send_interest","accept_reject_interest","send_message","view_messages","shortlist_profiles","search_profiles","view_own_profile_viewers","report_user","manage_subscription","view_notifications","view_profiles","edit_own_profile","upload_photo","delete_own_photo","send_interest","accept_reject_interest","send_message","view_messages","shortlist_profiles","search_profiles","view_own_profile_viewers","report_user","manage_subscription","view_notifications","approve_photos","reject_photos","view_reports","moderate_content","update_report_status","warn_users","view_audit_logs","view_all_photos_pending","view_profiles","edit_own_profile","upload_photo","delete_own_photo","send_interest","accept_reject_interest","send_message","view_messages","shortlist_profiles","search_profiles","view_own_profile_viewers","report_user","manage_subscription","view_notifications","approve_photos","reject_photos","view_reports","moderate_content","update_report_status","warn_users","view_audit_logs","view_all_photos_pending","manage_users","activate_deactivate_users","delete_users","verify_profiles","manage_subscriptions","view_analytics","manage_master_data","create_moderators","manage_roles","manage_permissions","view_all_users","view_user_details","export_reports","view_revenue_reports","manual_subscription_activation","process_refunds","create_own_family_details","edit_own_family_details","view_family_details","create_own_family_details","edit_own_family_details","view_family_details","create_own_family_details","edit_own_family_details","view_family_details","manage_family_details"]}
{"level":"auth","message":"Ownership check successful","method":"PUT","path":"/7af0cc53-de82-48c7-8711-18e8dea6cb9c/family","resourceId":"7af0cc53-de82-48c7-8711-18e8dea6cb9c","resourceType":"family details","timestamp":"2026-01-29 19:51:45","userId":"7af0cc53-de82-48c7-8711-18e8dea6cb9c"}
{"fieldsUpdated":["siblings_details","family_values"],"level":"info","message":"[API] Family details updated successfully","timestamp":"2026-01-29 19:51:46","userId":"7af0cc53-de82-48c7-8711-18e8dea6cb9c"}
{"level":"http","message":"PUT /users/7af0cc53-de82-48c7-8711-18e8dea6cb9c/family 200 890ms","timestamp":"2026-01-29 19:51:46"}
{"level":"http","message":"PUT /users/7af0cc53-de82-48c7-8711-18e8dea6cb9c/family 200 890ms","timestamp":"2026-01-29 19:51:46"}
{"level":"http","message":"PUT /users/7af0cc53-de82-48c7-8711-18e8dea6cb9c/family 200 892ms","timestamp":"2026-01-29 19:51:46"}
{"level":"auth","message":"Permission authorization successful","method":"PUT","path":"/7af0cc53-de82-48c7-8711-18e8dea6cb9c/family","requiredPermissions":["edit_own_family_details","manage_family_details"],"timestamp":"2026-01-29 19:52:07","userId":"7af0cc53-de82-48c7-8711-18e8dea6cb9c","userPermissions":["view_profiles","edit_own_profile","upload_photo","delete_own_photo","send_interest","accept_reject_interest","send_message","view_messages","shortlist_profiles","search_profiles","view_own_profile_viewers","report_user","manage_subscription","view_notifications","view_profiles","edit_own_profile","upload_photo","delete_own_photo","send_interest","accept_reject_interest","send_message","view_messages","shortlist_profiles","search_profiles","view_own_profile_viewers","report_user","manage_subscription","view_notifications","approve_photos","reject_photos","view_reports","moderate_content","update_report_status","warn_users","view_audit_logs","view_all_photos_pending","view_profiles","edit_own_profile","upload_photo","delete_own_photo","send_interest","accept_reject_interest","send_message","view_messages","shortlist_profiles","search_profiles","view_own_profile_viewers","report_user","manage_subscription","view_notifications","approve_photos","reject_photos","view_reports","moderate_content","update_report_status","warn_users","view_audit_logs","view_all_photos_pending","manage_users","activate_deactivate_users","delete_users","verify_profiles","manage_subscriptions","view_analytics","manage_master_data","create_moderators","manage_roles","manage_permissions","view_all_users","view_user_details","export_reports","view_revenue_reports","manual_subscription_activation","process_refunds","create_own_family_details","edit_own_family_details","view_family_details","create_own_family_details","edit_own_family_details","view_family_details","create_own_family_details","edit_own_family_details","view_family_details","manage_family_details"]}
{"level":"auth","message":"Ownership check successful","method":"PUT","path":"/7af0cc53-de82-48c7-8711-18e8dea6cb9c/family","resourceId":"7af0cc53-de82-48c7-8711-18e8dea6cb9c","resourceType":"family details","timestamp":"2026-01-29 19:52:07","userId":"7af0cc53-de82-48c7-8711-18e8dea6cb9c"}
{"fieldsUpdated":["mother_occupation"],"level":"info","message":"[API] Family details updated successfully","timestamp":"2026-01-29 19:52:07","userId":"7af0cc53-de82-48c7-8711-18e8dea6cb9c"}
{"level":"http","message":"PUT /users/7af0cc53-de82-48c7-8711-18e8dea6cb9c/family 200 697ms","timestamp":"2026-01-29 19:52:07"}
{"level":"http","message":"PUT /users/7af0cc53-de82-48c7-8711-18e8dea6cb9c/family 200 697ms","timestamp":"2026-01-29 19:52:07"}
{"level":"http","message":"PUT /users/7af0cc53-de82-48c7-8711-18e8dea6cb9c/family 200 698ms","timestamp":"2026-01-29 19:52:07"}
{"identifier":"9380422508","level":"auth","message":"[Auth] Login attempt: SUCCESS","role":"ADMIN","success":true,"timestamp":"2026-01-29 19:53:20","userId":"eb5321fe-160b-4688-8ca2-d56f3b1d6e4e"}
{"level":"auth","message":"[Auth] Token generated","timestamp":"2026-01-29 19:53:20","userId":"eb5321fe-160b-4688-8ca2-d56f3b1d6e4e"}
{"level":"http","message":"POST /auth/login 200 379ms","timestamp":"2026-01-29 19:53:20"}
{"level":"http","message":"POST /auth/login 200 380ms","timestamp":"2026-01-29 19:53:20"}
{"level":"http","message":"POST /auth/login 200 381ms","timestamp":"2026-01-29 19:53:20"}
{"level":"http","message":"PUT /users/7af0cc53-de82-48c7-8711-18e8dea6cb9c/family 401 0ms","timestamp":"2026-01-29 19:58:25"}
{"level":"http","message":"PUT /users/7af0cc53-de82-48c7-8711-18e8dea6cb9c/family 401 1ms","timestamp":"2026-01-29 19:58:25"}
{"level":"http","message":"PUT /users/7af0cc53-de82-48c7-8711-18e8dea6cb9c/family 401 2ms","timestamp":"2026-01-29 19:58:25"}
{"identifier":"6362115998","level":"auth","message":"[Auth] Login attempt: SUCCESS","role":"USER","success":true,"timestamp":"2026-01-29 19:58:31","userId":"7af0cc53-de82-48c7-8711-18e8dea6cb9c"}
{"level":"auth","message":"[Auth] Token generated","timestamp":"2026-01-29 19:58:31","userId":"7af0cc53-de82-48c7-8711-18e8dea6cb9c"}
{"level":"http","message":"POST /auth/login 200 547ms","timestamp":"2026-01-29 19:58:31"}
{"level":"http","message":"POST /auth/login 200 547ms","timestamp":"2026-01-29 19:58:31"}
{"level":"http","message":"POST /auth/login 200 548ms","timestamp":"2026-01-29 19:58:31"}
{"level":"auth","message":"Permission authorization successful","method":"PUT","path":"/7af0cc53-de82-48c7-8711-18e8dea6cb9c/family","requiredPermissions":["edit_own_family_details","manage_family_details"],"timestamp":"2026-01-29 19:59:13","userId":"7af0cc53-de82-48c7-8711-18e8dea6cb9c","userPermissions":["view_profiles","edit_own_profile","upload_photo","delete_own_photo","send_interest","accept_reject_interest","send_message","view_messages","shortlist_profiles","search_profiles","view_own_profile_viewers","report_user","manage_subscription","view_notifications","view_profiles","edit_own_profile","upload_photo","delete_own_photo","send_interest","accept_reject_interest","send_message","view_messages","shortlist_profiles","search_profiles","view_own_profile_viewers","report_user","manage_subscription","view_notifications","approve_photos","reject_photos","view_reports","moderate_content","update_report_status","warn_users","view_audit_logs","view_all_photos_pending","view_profiles","edit_own_profile","upload_photo","delete_own_photo","send_interest","accept_reject_interest","send_message","view_messages","shortlist_profiles","search_profiles","view_own_profile_viewers","report_user","manage_subscription","view_notifications","approve_photos","reject_photos","view_reports","moderate_content","update_report_status","warn_users","view_audit_logs","view_all_photos_pending","manage_users","activate_deactivate_users","delete_users","verify_profiles","manage_subscriptions","view_analytics","manage_master_data","create_moderators","manage_roles","manage_permissions","view_all_users","view_user_details","export_reports","view_revenue_reports","manual_subscription_activation","process_refunds","create_own_family_details","edit_own_family_details","view_family_details","create_own_family_details","edit_own_family_details","view_family_details","create_own_family_details","edit_own_family_details","view_family_details","manage_family_details"]}
{"level":"auth","message":"Ownership check successful","method":"PUT","path":"/7af0cc53-de82-48c7-8711-18e8dea6cb9c/family","resourceId":"7af0cc53-de82-48c7-8711-18e8dea6cb9c","resourceType":"family details","timestamp":"2026-01-29 19:59:13","userId":"7af0cc53-de82-48c7-8711-18e8dea6cb9c"}
{"error":"Not found","level":"error","message":"[API] Update family details failed - not found","stack":"Error: Not found\n    at ProfileController.updateFamilyDetails (file:///D:/Kshitij/Internship/Projects/SARVVIVAH/Backend/src/controllers/profileController.js:122:64)","timestamp":"2026-01-29 19:59:13","userId":"7af0cc53-de82-48c7-8711-18e8dea6cb9c"}
{"ip":"::1","level":"error","message":"Request Error Family details not found for this user. Use POST /users/:userId/family to create.","method":"PUT","name":"NotFoundError","statusCode":404,"timestamp":"2026-01-29 19:59:13","url":"/users/7af0cc53-de82-48c7-8711-18e8dea6cb9c/family","userId":null}
{"level":"http","message":"PUT /users/7af0cc53-de82-48c7-8711-18e8dea6cb9c/family 404 575ms","timestamp":"2026-01-29 19:59:13"}
{"level":"http","message":"PUT /users/7af0cc53-de82-48c7-8711-18e8dea6cb9c/family 404 575ms","timestamp":"2026-01-29 19:59:13"}
{"level":"http","message":"PUT /users/7af0cc53-de82-48c7-8711-18e8dea6cb9c/family 404 576ms","timestamp":"2026-01-29 19:59:13"}
{"level":"auth","message":"Permission authorization successful","method":"PUT","path":"/c5735592-9acc-46f8-9644-f55d9660560e/family","requiredPermissions":["edit_own_family_details","manage_family_details"],"timestamp":"2026-01-29 20:00:48","userId":"7af0cc53-de82-48c7-8711-18e8dea6cb9c","userPermissions":["view_profiles","edit_own_profile","upload_photo","delete_own_photo","send_interest","accept_reject_interest","send_message","view_messages","shortlist_profiles","search_profiles","view_own_profile_viewers","report_user","manage_subscription","view_notifications","view_profiles","edit_own_profile","upload_photo","delete_own_photo","send_interest","accept_reject_interest","send_message","view_messages","shortlist_profiles","search_profiles","view_own_profile_viewers","report_user","manage_subscription","view_notifications","approve_photos","reject_photos","view_reports","moderate_content","update_report_status","warn_users","view_audit_logs","view_all_photos_pending","view_profiles","edit_own_profile","upload_photo","delete_own_photo","send_interest","accept_reject_interest","send_message","view_messages","shortlist_profiles","search_profiles","view_own_profile_viewers","report_user","manage_subscription","view_notifications","approve_photos","reject_photos","view_reports","moderate_content","update_report_status","warn_users","view_audit_logs","view_all_photos_pending","manage_users","activate_deactivate_users","delete_users","verify_profiles","manage_subscriptions","view_analytics","manage_master_data","create_moderators","manage_roles","manage_permissions","view_all_users","view_user_details","export_reports","view_revenue_reports","manual_subscription_activation","process_refunds","create_own_family_details","edit_own_family_details","view_family_details","create_own_family_details","edit_own_family_details","view_family_details","create_own_family_details","edit_own_family_details","view_family_details","manage_family_details"]}
{"ip":"::1","level":"warn","message":"Ownership check failed","method":"PUT","path":"/c5735592-9acc-46f8-9644-f55d9660560e/family","resourceId":"c5735592-9acc-46f8-9644-f55d9660560e","resourceType":"family details","timestamp":"2026-01-29 20:00:48","userId":"7af0cc53-de82-48c7-8711-18e8dea6cb9c"}
{"action":"Resource ownership violation","error":"\nInvalid `prisma.auditLog.create()` invocation:\n\n{\n  data: {\n    user_id: \"7af0cc53-de82-48c7-8711-18e8dea6cb9c\",\n    ~~~~~~~\n    action: \"Resource ownership violation\",\n    table_name: \"authorization\",\n    record_id: \"7af0cc53-de82-48c7-8711-18e8dea6cb9c\",\n    old_values: null,\n    new_values: \"{\\\"path\\\":\\\"/c5735592-9acc-46f8-9644-f55d9660560e/family\\\",\\\"method\\\":\\\"PUT\\\",\\\"ip\\\":\\\"::1\\\",\\\"userAgent\\\":\\\"PostmanRuntime/7.51.0\\\",\\\"resourceId\\\":\\\"c5735592-9acc-46f8-9644-f55d9660560e\\\",\\\"resourceType\\\":\\\"family details\\\"}\",\n    ip_address: \"::1\",\n    user_agent: \"PostmanRuntime/7.51.0\",\n?   created_at?: DateTime,\n?   actor?: UserCreateNestedOneWithoutAudit_logsInput\n  }\n}\n\nUnknown argument `user_id`. Available options are marked with ?.","level":"error","message":"Failed to log authorization failure to audit trail","timestamp":"2026-01-29 20:00:48","userId":"7af0cc53-de82-48c7-8711-18e8dea6cb9c"}
{"ip":"::1","level":"error","message":"Request Error You do not have permission to access this resource","method":"PUT","name":"ForbiddenError","statusCode":403,"timestamp":"2026-01-29 20:00:48","url":"/users/c5735592-9acc-46f8-9644-f55d9660560e/family","userId":null}
{"level":"http","message":"PUT /users/c5735592-9acc-46f8-9644-f55d9660560e/family 403 346ms","timestamp":"2026-01-29 20:00:48"}
{"level":"http","message":"PUT /users/c5735592-9acc-46f8-9644-f55d9660560e/family 403 347ms","timestamp":"2026-01-29 20:00:48"}
{"level":"http","message":"PUT /users/c5735592-9acc-46f8-9644-f55d9660560e/family 403 347ms","timestamp":"2026-01-29 20:00:48"}
{"level":"auth","message":"Permission authorization successful","method":"GET","path":"/7af0cc53-de82-48c7-8711-18e8dea6cb9c/family","requiredPermissions":["view_family_details"],"timestamp":"2026-01-29 20:04:58","userId":"7af0cc53-de82-48c7-8711-18e8dea6cb9c","userPermissions":["view_profiles","edit_own_profile","upload_photo","delete_own_photo","send_interest","accept_reject_interest","send_message","view_messages","shortlist_profiles","search_profiles","view_own_profile_viewers","report_user","manage_subscription","view_notifications","view_profiles","edit_own_profile","upload_photo","delete_own_photo","send_interest","accept_reject_interest","send_message","view_messages","shortlist_profiles","search_profiles","view_own_profile_viewers","report_user","manage_subscription","view_notifications","approve_photos","reject_photos","view_reports","moderate_content","update_report_status","warn_users","view_audit_logs","view_all_photos_pending","view_profiles","edit_own_profile","upload_photo","delete_own_photo","send_interest","accept_reject_interest","send_message","view_messages","shortlist_profiles","search_profiles","view_own_profile_viewers","report_user","manage_subscription","view_notifications","approve_photos","reject_photos","view_reports","moderate_content","update_report_status","warn_users","view_audit_logs","view_all_photos_pending","manage_users","activate_deactivate_users","delete_users","verify_profiles","manage_subscriptions","view_analytics","manage_master_data","create_moderators","manage_roles","manage_permissions","view_all_users","view_user_details","export_reports","view_revenue_reports","manual_subscription_activation","process_refunds","create_own_family_details","edit_own_family_details","view_family_details","create_own_family_details","edit_own_family_details","view_family_details","create_own_family_details","edit_own_family_details","view_family_details","manage_family_details"]}
{"hasData":false,"level":"info","message":"[API] Family details retrieved successfully","timestamp":"2026-01-29 20:04:59","userId":"7af0cc53-de82-48c7-8711-18e8dea6cb9c"}
{"level":"http","message":"GET /users/7af0cc53-de82-48c7-8711-18e8dea6cb9c/family 200 853ms","timestamp":"2026-01-29 20:04:59"}
{"level":"http","message":"GET /users/7af0cc53-de82-48c7-8711-18e8dea6cb9c/family 200 853ms","timestamp":"2026-01-29 20:04:59"}
{"level":"http","message":"GET /users/7af0cc53-de82-48c7-8711-18e8dea6cb9c/family 200 854ms","timestamp":"2026-01-29 20:04:59"}
{"level":"auth","message":"Permission authorization successful","method":"POST","path":"/7af0cc53-de82-48c7-8711-18e8dea6cb9c/family","requiredPermissions":["create_own_family_details","manage_family_details"],"timestamp":"2026-01-29 20:06:16","userId":"7af0cc53-de82-48c7-8711-18e8dea6cb9c","userPermissions":["view_profiles","edit_own_profile","upload_photo","delete_own_photo","send_interest","accept_reject_interest","send_message","view_messages","shortlist_profiles","search_profiles","view_own_profile_viewers","report_user","manage_subscription","view_notifications","view_profiles","edit_own_profile","upload_photo","delete_own_photo","send_interest","accept_reject_interest","send_message","view_messages","shortlist_profiles","search_profiles","view_own_profile_viewers","report_user","manage_subscription","view_notifications","approve_photos","reject_photos","view_reports","moderate_content","update_report_status","warn_users","view_audit_logs","view_all_photos_pending","view_profiles","edit_own_profile","upload_photo","delete_own_photo","send_interest","accept_reject_interest","send_message","view_messages","shortlist_profiles","search_profiles","view_own_profile_viewers","report_user","manage_subscription","view_notifications","approve_photos","reject_photos","view_reports","moderate_content","update_report_status","warn_users","view_audit_logs","view_all_photos_pending","manage_users","activate_deactivate_users","delete_users","verify_profiles","manage_subscriptions","view_analytics","manage_master_data","create_moderators","manage_roles","manage_permissions","view_all_users","view_user_details","export_reports","view_revenue_reports","manual_subscription_activation","process_refunds","create_own_family_details","edit_own_family_details","view_family_details","create_own_family_details","edit_own_family_details","view_family_details","create_own_family_details","edit_own_family_details","view_family_details","manage_family_details"]}
{"level":"auth","message":"Ownership check successful","method":"POST","path":"/7af0cc53-de82-48c7-8711-18e8dea6cb9c/family","resourceId":"7af0cc53-de82-48c7-8711-18e8dea6cb9c","resourceType":"family details","timestamp":"2026-01-29 20:06:16","userId":"7af0cc53-de82-48c7-8711-18e8dea6cb9c"}
{"hasData":true,"level":"info","message":"[API] Family details created successfully","timestamp":"2026-01-29 20:06:17","userId":"7af0cc53-de82-48c7-8711-18e8dea6cb9c"}
{"level":"http","message":"POST /users/7af0cc53-de82-48c7-8711-18e8dea6cb9c/family 201 700ms","timestamp":"2026-01-29 20:06:17"}
{"level":"http","message":"POST /users/7af0cc53-de82-48c7-8711-18e8dea6cb9c/family 201 701ms","timestamp":"2026-01-29 20:06:17"}
{"level":"http","message":"POST /users/7af0cc53-de82-48c7-8711-18e8dea6cb9c/family 201 701ms","timestamp":"2026-01-29 20:06:17"}
{"level":"auth","message":"Permission authorization successful","method":"GET","path":"/7af0cc53-de82-48c7-8711-18e8dea6cb9c/family","requiredPermissions":["view_family_details"],"timestamp":"2026-01-29 20:06:36","userId":"7af0cc53-de82-48c7-8711-18e8dea6cb9c","userPermissions":["view_profiles","edit_own_profile","upload_photo","delete_own_photo","send_interest","accept_reject_interest","send_message","view_messages","shortlist_profiles","search_profiles","view_own_profile_viewers","report_user","manage_subscription","view_notifications","view_profiles","edit_own_profile","upload_photo","delete_own_photo","send_interest","accept_reject_interest","send_message","view_messages","shortlist_profiles","search_profiles","view_own_profile_viewers","report_user","manage_subscription","view_notifications","approve_photos","reject_photos","view_reports","moderate_content","update_report_status","warn_users","view_audit_logs","view_all_photos_pending","view_profiles","edit_own_profile","upload_photo","delete_own_photo","send_interest","accept_reject_interest","send_message","view_messages","shortlist_profiles","search_profiles","view_own_profile_viewers","report_user","manage_subscription","view_notifications","approve_photos","reject_photos","view_reports","moderate_content","update_report_status","warn_users","view_audit_logs","view_all_photos_pending","manage_users","activate_deactivate_users","delete_users","verify_profiles","manage_subscriptions","view_analytics","manage_master_data","create_moderators","manage_roles","manage_permissions","view_all_users","view_user_details","export_reports","view_revenue_reports","manual_subscription_activation","process_refunds","create_own_family_details","edit_own_family_details","view_family_details","create_own_family_details","edit_own_family_details","view_family_details","create_own_family_details","edit_own_family_details","view_family_details","manage_family_details"]}
{"hasData":true,"level":"info","message":"[API] Family details retrieved successfully","timestamp":"2026-01-29 20:06:36","userId":"7af0cc53-de82-48c7-8711-18e8dea6cb9c"}
{"level":"http","message":"GET /users/7af0cc53-de82-48c7-8711-18e8dea6cb9c/family 200 600ms","timestamp":"2026-01-29 20:06:36"}
{"level":"http","message":"GET /users/7af0cc53-de82-48c7-8711-18e8dea6cb9c/family 200 600ms","timestamp":"2026-01-29 20:06:36"}
{"level":"http","message":"GET /users/7af0cc53-de82-48c7-8711-18e8dea6cb9c/family 200 601ms","timestamp":"2026-01-29 20:06:36"}
{"identifier":"kshithu911@gmail.com","level":"auth","message":"[Auth] Login attempt: SUCCESS","role":"ADMIN","success":true,"timestamp":"2026-01-29 20:08:28","userId":"c5735592-9acc-46f8-9644-f55d9660560e"}
{"level":"auth","message":"[Auth] Token generated","timestamp":"2026-01-29 20:08:28","userId":"c5735592-9acc-46f8-9644-f55d9660560e"}
{"level":"http","message":"POST /auth/login 200 403ms","timestamp":"2026-01-29 20:08:28"}
{"level":"http","message":"POST /auth/login 200 403ms","timestamp":"2026-01-29 20:08:28"}
{"level":"http","message":"POST /auth/login 200 404ms","timestamp":"2026-01-29 20:08:28"}
{"level":"auth","message":"Permission authorization successful","method":"GET","path":"/c5735592-9acc-46f8-9644-f55d9660560e/family","requiredPermissions":["view_family_details"],"timestamp":"2026-01-29 20:09:22","userId":"7af0cc53-de82-48c7-8711-18e8dea6cb9c","userPermissions":["view_profiles","edit_own_profile","upload_photo","delete_own_photo","send_interest","accept_reject_interest","send_message","view_messages","shortlist_profiles","search_profiles","view_own_profile_viewers","report_user","manage_subscription","view_notifications","view_profiles","edit_own_profile","upload_photo","delete_own_photo","send_interest","accept_reject_interest","send_message","view_messages","shortlist_profiles","search_profiles","view_own_profile_viewers","report_user","manage_subscription","view_notifications","approve_photos","reject_photos","view_reports","moderate_content","update_report_status","warn_users","view_audit_logs","view_all_photos_pending","view_profiles","edit_own_profile","upload_photo","delete_own_photo","send_interest","accept_reject_interest","send_message","view_messages","shortlist_profiles","search_profiles","view_own_profile_viewers","report_user","manage_subscription","view_notifications","approve_photos","reject_photos","view_reports","moderate_content","update_report_status","warn_users","view_audit_logs","view_all_photos_pending","manage_users","activate_deactivate_users","delete_users","verify_profiles","manage_subscriptions","view_analytics","manage_master_data","create_moderators","manage_roles","manage_permissions","view_all_users","view_user_details","export_reports","view_revenue_reports","manual_subscription_activation","process_refunds","create_own_family_details","edit_own_family_details","view_family_details","create_own_family_details","edit_own_family_details","view_family_details","create_own_family_details","edit_own_family_details","view_family_details","manage_family_details"]}
{"hasData":true,"level":"info","message":"[API] Family details retrieved successfully","timestamp":"2026-01-29 20:09:22","userId":"c5735592-9acc-46f8-9644-f55d9660560e"}
{"level":"http","message":"GET /users/c5735592-9acc-46f8-9644-f55d9660560e/family 200 573ms","timestamp":"2026-01-29 20:09:22"}
{"level":"http","message":"GET /users/c5735592-9acc-46f8-9644-f55d9660560e/family 200 573ms","timestamp":"2026-01-29 20:09:22"}
{"level":"http","message":"GET /users/c5735592-9acc-46f8-9644-f55d9660560e/family 200 575ms","timestamp":"2026-01-29 20:09:22"}
{"identifier":"6362115998","level":"auth","message":"[Auth] Login attempt: SUCCESS","role":"USER","success":true,"timestamp":"2026-01-29 20:10:27","userId":"7af0cc53-de82-48c7-8711-18e8dea6cb9c"}
{"level":"auth","message":"[Auth] Token generated","timestamp":"2026-01-29 20:10:27","userId":"7af0cc53-de82-48c7-8711-18e8dea6cb9c"}
{"level":"http","message":"POST /auth/login 200 629ms","timestamp":"2026-01-29 20:10:27"}
{"level":"http","message":"POST /auth/login 200 629ms","timestamp":"2026-01-29 20:10:27"}
{"level":"http","message":"POST /auth/login 200 630ms","timestamp":"2026-01-29 20:10:27"}
{"level":"auth","message":"Permission authorization successful","method":"GET","path":"/c5735592-9acc-46f8-9644-f55d9660560e/family","requiredPermissions":["view_family_details"],"timestamp":"2026-01-29 20:10:44","userId":"7af0cc53-de82-48c7-8711-18e8dea6cb9c","userPermissions":["view_profiles","edit_own_profile","upload_photo","delete_own_photo","send_interest","accept_reject_interest","send_message","view_messages","shortlist_profiles","search_profiles","view_own_profile_viewers","report_user","manage_subscription","view_notifications","view_profiles","edit_own_profile","upload_photo","delete_own_photo","send_interest","accept_reject_interest","send_message","view_messages","shortlist_profiles","search_profiles","view_own_profile_viewers","report_user","manage_subscription","view_notifications","approve_photos","reject_photos","view_reports","moderate_content","update_report_status","warn_users","view_audit_logs","view_all_photos_pending","view_profiles","edit_own_profile","upload_photo","delete_own_photo","send_interest","accept_reject_interest","send_message","view_messages","shortlist_profiles","search_profiles","view_own_profile_viewers","report_user","manage_subscription","view_notifications","approve_photos","reject_photos","view_reports","moderate_content","update_report_status","warn_users","view_audit_logs","view_all_photos_pending","manage_users","activate_deactivate_users","delete_users","verify_profiles","manage_subscriptions","view_analytics","manage_master_data","create_moderators","manage_roles","manage_permissions","view_all_users","view_user_details","export_reports","view_revenue_reports","manual_subscription_activation","process_refunds","create_own_family_details","edit_own_family_details","view_family_details","create_own_family_details","edit_own_family_details","view_family_details","create_own_family_details","edit_own_family_details","view_family_details","manage_family_details"]}
{"hasData":true,"level":"info","message":"[API] Family details retrieved successfully","timestamp":"2026-01-29 20:10:45","userId":"c5735592-9acc-46f8-9644-f55d9660560e"}
{"level":"http","message":"GET /users/c5735592-9acc-46f8-9644-f55d9660560e/family 200 589ms","timestamp":"2026-01-29 20:10:45"}
{"level":"http","message":"GET /users/c5735592-9acc-46f8-9644-f55d9660560e/family 200 589ms","timestamp":"2026-01-29 20:10:45"}
{"level":"http","message":"GET /users/c5735592-9acc-46f8-9644-f55d9660560e/family 200 590ms","timestamp":"2026-01-29 20:10:45"}
{"identifier":"6362115998","level":"auth","message":"[Auth] Login attempt: SUCCESS","role":"USER","success":true,"timestamp":"2026-01-29 20:14:33","userId":"7af0cc53-de82-48c7-8711-18e8dea6cb9c"}
{"level":"auth","message":"[Auth] Token generated","timestamp":"2026-01-29 20:14:33","userId":"7af0cc53-de82-48c7-8711-18e8dea6cb9c"}
{"level":"http","message":"POST /auth/login 200 396ms","timestamp":"2026-01-29 20:14:33"}
{"level":"http","message":"POST /auth/login 200 396ms","timestamp":"2026-01-29 20:14:33"}
{"level":"http","message":"POST /auth/login 200 397ms","timestamp":"2026-01-29 20:14:33"}
{"level":"auth","message":"Permission authorization successful","method":"GET","path":"/7af0cc53-de82-48c7-8711-18e8dea6cb9c/family","requiredPermissions":["view_family_details"],"timestamp":"2026-01-29 20:15:48","userId":"7af0cc53-de82-48c7-8711-18e8dea6cb9c","userPermissions":["view_profiles","edit_own_profile","upload_photo","delete_own_photo","send_interest","accept_reject_interest","send_message","view_messages","shortlist_profiles","search_profiles","view_own_profile_viewers","report_user","manage_subscription","view_notifications","view_profiles","edit_own_profile","upload_photo","delete_own_photo","send_interest","accept_reject_interest","send_message","view_messages","shortlist_profiles","search_profiles","view_own_profile_viewers","report_user","manage_subscription","view_notifications","approve_photos","reject_photos","view_reports","moderate_content","update_report_status","warn_users","view_audit_logs","view_all_photos_pending","view_profiles","edit_own_profile","upload_photo","delete_own_photo","send_interest","accept_reject_interest","send_message","view_messages","shortlist_profiles","search_profiles","view_own_profile_viewers","report_user","manage_subscription","view_notifications","approve_photos","reject_photos","view_reports","moderate_content","update_report_status","warn_users","view_audit_logs","view_all_photos_pending","manage_users","activate_deactivate_users","delete_users","verify_profiles","manage_subscriptions","view_analytics","manage_master_data","create_moderators","manage_roles","manage_permissions","view_all_users","view_user_details","export_reports","view_revenue_reports","manual_subscription_activation","process_refunds","create_own_family_details","edit_own_family_details","view_family_details","create_own_family_details","edit_own_family_details","view_family_details","create_own_family_details","edit_own_family_details","view_family_details","manage_family_details"]}
{"hasData":false,"level":"info","message":"[API] Family details retrieved successfully","timestamp":"2026-01-29 20:15:48","userId":"7af0cc53-de82-48c7-8711-18e8dea6cb9c"}
{"level":"http","message":"GET /users/7af0cc53-de82-48c7-8711-18e8dea6cb9c/family 200 730ms","timestamp":"2026-01-29 20:15:48"}
{"level":"http","message":"GET /users/7af0cc53-de82-48c7-8711-18e8dea6cb9c/family 200 731ms","timestamp":"2026-01-29 20:15:48"}
{"level":"http","message":"GET /users/7af0cc53-de82-48c7-8711-18e8dea6cb9c/family 200 731ms","timestamp":"2026-01-29 20:15:48"}
{"level":"auth","message":"Permission authorization successful","method":"GET","path":"/0000000000000000000000000000000000000000/family","requiredPermissions":["view_family_details"],"timestamp":"2026-01-29 20:17:25","userId":"7af0cc53-de82-48c7-8711-18e8dea6cb9c","userPermissions":["view_profiles","edit_own_profile","upload_photo","delete_own_photo","send_interest","accept_reject_interest","send_message","view_messages","shortlist_profiles","search_profiles","view_own_profile_viewers","report_user","manage_subscription","view_notifications","view_profiles","edit_own_profile","upload_photo","delete_own_photo","send_interest","accept_reject_interest","send_message","view_messages","shortlist_profiles","search_profiles","view_own_profile_viewers","report_user","manage_subscription","view_notifications","approve_photos","reject_photos","view_reports","moderate_content","update_report_status","warn_users","view_audit_logs","view_all_photos_pending","view_profiles","edit_own_profile","upload_photo","delete_own_photo","send_interest","accept_reject_interest","send_message","view_messages","shortlist_profiles","search_profiles","view_own_profile_viewers","report_user","manage_subscription","view_notifications","approve_photos","reject_photos","view_reports","moderate_content","update_report_status","warn_users","view_audit_logs","view_all_photos_pending","manage_users","activate_deactivate_users","delete_users","verify_profiles","manage_subscriptions","view_analytics","manage_master_data","create_moderators","manage_roles","manage_permissions","view_all_users","view_user_details","export_reports","view_revenue_reports","manual_subscription_activation","process_refunds","create_own_family_details","edit_own_family_details","view_family_details","create_own_family_details","edit_own_family_details","view_family_details","create_own_family_details","edit_own_family_details","view_family_details","manage_family_details"]}
{"ip":"::1","level":"error","message":"Request Error \nInvalid `prisma.user.findUnique()` invocation:\n\n\nInconsistent column data: Error creating UUID, invalid length: expected length 32 for simple format, found 40","method":"GET","name":"PrismaClientKnownRequestError","statusCode":500,"timestamp":"2026-01-29 20:17:25","url":"/users/0000000000000000000000000000000000000000/family","userId":null}
{"ip":"::1","level":"error","message":"GET /users/0000000000000000000000000000000000000000/family 500 477ms","method":"GET","responseTime":"477ms","statusCode":500,"timestamp":"2026-01-29 20:17:25","url":"/users/0000000000000000000000000000000000000000/family","userAgent":"PostmanRuntime/7.51.0","userId":null}
{"ip":"::1","level":"error","message":"GET /users/0000000000000000000000000000000000000000/family 500 477ms","method":"GET","responseTime":"477ms","statusCode":500,"timestamp":"2026-01-29 20:17:25","url":"/users/0000000000000000000000000000000000000000/family","userAgent":"PostmanRuntime/7.51.0","userId":null}
{"ip":"::1","level":"error","message":"GET /users/0000000000000000000000000000000000000000/family 500 477ms","method":"GET","responseTime":"477ms","statusCode":500,"timestamp":"2026-01-29 20:17:25","url":"/users/0000000000000000000000000000000000000000/family","userAgent":"PostmanRuntime/7.51.0","userId":null}
{"level":"auth","message":"Permission authorization successful","method":"GET","path":"/00000000-0000-0000-0000-000000000000/family","requiredPermissions":["view_family_details"],"timestamp":"2026-01-29 20:17:42","userId":"7af0cc53-de82-48c7-8711-18e8dea6cb9c","userPermissions":["view_profiles","edit_own_profile","upload_photo","delete_own_photo","send_interest","accept_reject_interest","send_message","view_messages","shortlist_profiles","search_profiles","view_own_profile_viewers","report_user","manage_subscription","view_notifications","view_profiles","edit_own_profile","upload_photo","delete_own_photo","send_interest","accept_reject_interest","send_message","view_messages","shortlist_profiles","search_profiles","view_own_profile_viewers","report_user","manage_subscription","view_notifications","approve_photos","reject_photos","view_reports","moderate_content","update_report_status","warn_users","view_audit_logs","view_all_photos_pending","view_profiles","edit_own_profile","upload_photo","delete_own_photo","send_interest","accept_reject_interest","send_message","view_messages","shortlist_profiles","search_profiles","view_own_profile_viewers","report_user","manage_subscription","view_notifications","approve_photos","reject_photos","view_reports","moderate_content","update_report_status","warn_users","view_audit_logs","view_all_photos_pending","manage_users","activate_deactivate_users","delete_users","verify_profiles","manage_subscriptions","view_analytics","manage_master_data","create_moderators","manage_roles","manage_permissions","view_all_users","view_user_details","export_reports","view_revenue_reports","manual_subscription_activation","process_refunds","create_own_family_details","edit_own_family_details","view_family_details","create_own_family_details","edit_own_family_details","view_family_details","create_own_family_details","edit_own_family_details","view_family_details","manage_family_details"]}
{"error":"User not found","level":"error","message":"[API] Get family details failed - user not found","stack":"Error: User not found\n    at ProfileController.getFamilyDetails (file:///D:/Kshitij/Internship/Projects/SARVVIVAH/Backend/src/controllers/profileController.js:175:66)","timestamp":"2026-01-29 20:17:42","userId":"00000000-0000-0000-0000-000000000000"}
{"ip":"::1","level":"error","message":"Request Error User not found","method":"GET","name":"NotFoundError","statusCode":404,"timestamp":"2026-01-29 20:17:42","url":"/users/00000000-0000-0000-0000-000000000000/family","userId":null}
{"level":"http","message":"GET /users/00000000-0000-0000-0000-000000000000/family 404 466ms","timestamp":"2026-01-29 20:17:42"}
{"level":"http","message":"GET /users/00000000-0000-0000-0000-000000000000/family 404 466ms","timestamp":"2026-01-29 20:17:42"}
{"level":"http","message":"GET /users/00000000-0000-0000-0000-000000000000/family 404 467ms","timestamp":"2026-01-29 20:17:42"}
{"level":"http","message":"GET /users/7af0cc53-de82-48c7-8711-18e8dea6cb9c/family 401 1ms","timestamp":"2026-01-29 20:18:03"}
{"level":"http","message":"GET /users/7af0cc53-de82-48c7-8711-18e8dea6cb9c/family 401 1ms","timestamp":"2026-01-29 20:18:03"}
{"level":"http","message":"GET /users/7af0cc53-de82-48c7-8711-18e8dea6cb9c/family 401 2ms","timestamp":"2026-01-29 20:18:03"}
{"level":"auth","message":"Permission authorization successful","method":"GET","path":"/7af0cc53-de82-48c7-8711-18e8dea6cb9c/family","requiredPermissions":["view_family_details"],"timestamp":"2026-01-29 20:18:08","userId":"7af0cc53-de82-48c7-8711-18e8dea6cb9c","userPermissions":["view_profiles","edit_own_profile","upload_photo","delete_own_photo","send_interest","accept_reject_interest","send_message","view_messages","shortlist_profiles","search_profiles","view_own_profile_viewers","report_user","manage_subscription","view_notifications","view_profiles","edit_own_profile","upload_photo","delete_own_photo","send_interest","accept_reject_interest","send_message","view_messages","shortlist_profiles","search_profiles","view_own_profile_viewers","report_user","manage_subscription","view_notifications","approve_photos","reject_photos","view_reports","moderate_content","update_report_status","warn_users","view_audit_logs","view_all_photos_pending","view_profiles","edit_own_profile","upload_photo","delete_own_photo","send_interest","accept_reject_interest","send_message","view_messages","shortlist_profiles","search_profiles","view_own_profile_viewers","report_user","manage_subscription","view_notifications","approve_photos","reject_photos","view_reports","moderate_content","update_report_status","warn_users","view_audit_logs","view_all_photos_pending","manage_users","activate_deactivate_users","delete_users","verify_profiles","manage_subscriptions","view_analytics","manage_master_data","create_moderators","manage_roles","manage_permissions","view_all_users","view_user_details","export_reports","view_revenue_reports","manual_subscription_activation","process_refunds","create_own_family_details","edit_own_family_details","view_family_details","create_own_family_details","edit_own_family_details","view_family_details","create_own_family_details","edit_own_family_details","view_family_details","manage_family_details"]}
{"hasData":false,"level":"info","message":"[API] Family details retrieved successfully","timestamp":"2026-01-29 20:18:08","userId":"7af0cc53-de82-48c7-8711-18e8dea6cb9c"}
{"level":"http","message":"GET /users/7af0cc53-de82-48c7-8711-18e8dea6cb9c/family 200 570ms","timestamp":"2026-01-29 20:18:08"}
{"level":"http","message":"GET /users/7af0cc53-de82-48c7-8711-18e8dea6cb9c/family 200 570ms","timestamp":"2026-01-29 20:18:08"}
{"level":"http","message":"GET /users/7af0cc53-de82-48c7-8711-18e8dea6cb9c/family 200 571ms","timestamp":"2026-01-29 20:18:08"}
{"identifier":"kshithu911@gmail.com","level":"auth","message":"[Auth] Login attempt: SUCCESS","role":"ADMIN","success":true,"timestamp":"2026-01-29 20:18:39","userId":"c5735592-9acc-46f8-9644-f55d9660560e"}
{"level":"auth","message":"[Auth] Token generated","timestamp":"2026-01-29 20:18:39","userId":"c5735592-9acc-46f8-9644-f55d9660560e"}
{"level":"http","message":"POST /auth/login 200 399ms","timestamp":"2026-01-29 20:18:39"}
{"level":"http","message":"POST /auth/login 200 400ms","timestamp":"2026-01-29 20:18:39"}
{"level":"http","message":"POST /auth/login 200 400ms","timestamp":"2026-01-29 20:18:39"}
{"level":"auth","message":"Permission authorization successful","method":"POST","path":"/7af0cc53-de82-48c7-8711-18e8dea6cb9c/family","requiredPermissions":["create_own_family_details","manage_family_details"],"timestamp":"2026-01-29 20:19:40","userId":"c5735592-9acc-46f8-9644-f55d9660560e","userPermissions":["view_profiles","edit_own_profile","upload_photo","delete_own_photo","send_interest","accept_reject_interest","send_message","view_messages","shortlist_profiles","search_profiles","view_own_profile_viewers","report_user","manage_subscription","view_notifications","view_profiles","edit_own_profile","upload_photo","delete_own_photo","send_interest","accept_reject_interest","send_message","view_messages","shortlist_profiles","search_profiles","view_own_profile_viewers","report_user","manage_subscription","view_notifications","approve_photos","reject_photos","view_reports","moderate_content","update_report_status","warn_users","view_audit_logs","view_all_photos_pending","view_profiles","edit_own_profile","upload_photo","delete_own_photo","send_interest","accept_reject_interest","send_message","view_messages","shortlist_profiles","search_profiles","view_own_profile_viewers","report_user","manage_subscription","view_notifications","approve_photos","reject_photos","view_reports","moderate_content","update_report_status","warn_users","view_audit_logs","view_all_photos_pending","manage_users","activate_deactivate_users","delete_users","verify_profiles","manage_subscriptions","view_analytics","manage_master_data","create_moderators","manage_roles","manage_permissions","view_all_users","view_user_details","export_reports","view_revenue_reports","manual_subscription_activation","process_refunds","create_own_family_details","edit_own_family_details","view_family_details","create_own_family_details","edit_own_family_details","view_family_details","create_own_family_details","edit_own_family_details","view_family_details","manage_family_details"]}
{"ip":"::1","level":"warn","message":"Ownership check failed","method":"POST","path":"/7af0cc53-de82-48c7-8711-18e8dea6cb9c/family","resourceId":"7af0cc53-de82-48c7-8711-18e8dea6cb9c","resourceType":"family details","timestamp":"2026-01-29 20:19:40","userId":"c5735592-9acc-46f8-9644-f55d9660560e"}
{"action":"Resource ownership violation","error":"\nInvalid `prisma.auditLog.create()` invocation:\n\n{\n  data: {\n    user_id: \"c5735592-9acc-46f8-9644-f55d9660560e\",\n    ~~~~~~~\n    action: \"Resource ownership violation\",\n    table_name: \"authorization\",\n    record_id: \"c5735592-9acc-46f8-9644-f55d9660560e\",\n    old_values: null,\n    new_values: \"{\\\"path\\\":\\\"/7af0cc53-de82-48c7-8711-18e8dea6cb9c/family\\\",\\\"method\\\":\\\"POST\\\",\\\"ip\\\":\\\"::1\\\",\\\"userAgent\\\":\\\"PostmanRuntime/7.51.0\\\",\\\"resourceId\\\":\\\"7af0cc53-de82-48c7-8711-18e8dea6cb9c\\\",\\\"resourceType\\\":\\\"family details\\\"}\",\n    ip_address: \"::1\",\n    user_agent: \"PostmanRuntime/7.51.0\",\n?   created_at?: DateTime,\n?   actor?: UserCreateNestedOneWithoutAudit_logsInput\n  }\n}\n\nUnknown argument `user_id`. Available options are marked with ?.","level":"error","message":"Failed to log authorization failure to audit trail","timestamp":"2026-01-29 20:19:40","userId":"c5735592-9acc-46f8-9644-f55d9660560e"}
{"ip":"::1","level":"error","message":"Request Error You do not have permission to access this resource","method":"POST","name":"ForbiddenError","statusCode":403,"timestamp":"2026-01-29 20:19:40","url":"/users/7af0cc53-de82-48c7-8711-18e8dea6cb9c/family","userId":null}
{"level":"http","message":"POST /users/7af0cc53-de82-48c7-8711-18e8dea6cb9c/family 403 360ms","timestamp":"2026-01-29 20:19:40"}
{"level":"http","message":"POST /users/7af0cc53-de82-48c7-8711-18e8dea6cb9c/family 403 360ms","timestamp":"2026-01-29 20:19:40"}
{"level":"http","message":"POST /users/7af0cc53-de82-48c7-8711-18e8dea6cb9c/family 403 363ms","timestamp":"2026-01-29 20:19:40"}
{"identifier":"6362115998","level":"auth","message":"[Auth] Login attempt: SUCCESS","role":"USER","success":true,"timestamp":"2026-01-29 20:21:40","userId":"7af0cc53-de82-48c7-8711-18e8dea6cb9c"}
{"level":"auth","message":"[Auth] Token generated","timestamp":"2026-01-29 20:21:40","userId":"7af0cc53-de82-48c7-8711-18e8dea6cb9c"}
{"level":"http","message":"POST /auth/login 200 555ms","timestamp":"2026-01-29 20:21:40"}
{"level":"http","message":"POST /auth/login 200 555ms","timestamp":"2026-01-29 20:21:40"}
{"level":"http","message":"POST /auth/login 200 556ms","timestamp":"2026-01-29 20:21:40"}
{"level":"auth","message":"Permission authorization successful","method":"POST","path":"/7af0cc53-de82-48c7-8711-18e8dea6cb9c/family","requiredPermissions":["create_own_family_details","manage_family_details"],"timestamp":"2026-01-29 20:21:59","userId":"7af0cc53-de82-48c7-8711-18e8dea6cb9c","userPermissions":["view_profiles","edit_own_profile","upload_photo","delete_own_photo","send_interest","accept_reject_interest","send_message","view_messages","shortlist_profiles","search_profiles","view_own_profile_viewers","report_user","manage_subscription","view_notifications","view_profiles","edit_own_profile","upload_photo","delete_own_photo","send_interest","accept_reject_interest","send_message","view_messages","shortlist_profiles","search_profiles","view_own_profile_viewers","report_user","manage_subscription","view_notifications","approve_photos","reject_photos","view_reports","moderate_content","update_report_status","warn_users","view_audit_logs","view_all_photos_pending","view_profiles","edit_own_profile","upload_photo","delete_own_photo","send_interest","accept_reject_interest","send_message","view_messages","shortlist_profiles","search_profiles","view_own_profile_viewers","report_user","manage_subscription","view_notifications","approve_photos","reject_photos","view_reports","moderate_content","update_report_status","warn_users","view_audit_logs","view_all_photos_pending","manage_users","activate_deactivate_users","delete_users","verify_profiles","manage_subscriptions","view_analytics","manage_master_data","create_moderators","manage_roles","manage_permissions","view_all_users","view_user_details","export_reports","view_revenue_reports","manual_subscription_activation","process_refunds","create_own_family_details","edit_own_family_details","view_family_details","create_own_family_details","edit_own_family_details","view_family_details","create_own_family_details","edit_own_family_details","view_family_details","manage_family_details"]}
{"level":"auth","message":"Ownership check successful","method":"POST","path":"/7af0cc53-de82-48c7-8711-18e8dea6cb9c/family","resourceId":"7af0cc53-de82-48c7-8711-18e8dea6cb9c","resourceType":"family details","timestamp":"2026-01-29 20:21:59","userId":"7af0cc53-de82-48c7-8711-18e8dea6cb9c"}
{"hasData":true,"level":"info","message":"[API] Family details created successfully","timestamp":"2026-01-29 20:21:59","userId":"7af0cc53-de82-48c7-8711-18e8dea6cb9c"}
{"level":"http","message":"POST /users/7af0cc53-de82-48c7-8711-18e8dea6cb9c/family 201 713ms","timestamp":"2026-01-29 20:21:59"}
{"level":"http","message":"POST /users/7af0cc53-de82-48c7-8711-18e8dea6cb9c/family 201 713ms","timestamp":"2026-01-29 20:21:59"}
{"level":"http","message":"POST /users/7af0cc53-de82-48c7-8711-18e8dea6cb9c/family 201 714ms","timestamp":"2026-01-29 20:21:59"}
{"ip":"::1","level":"error","message":"Request Error Expected double-quoted property name in JSON at position 42 (line 3 column 1)","method":"POST","name":"SyntaxError","statusCode":400,"timestamp":"2026-01-29 20:23:04","url":"/users/7af0cc53-de82-48c7-8711-18e8dea6cb9c/family","userId":null}
{"level":"auth","message":"Permission authorization successful","method":"POST","path":"/7af0cc53-de82-48c7-8711-18e8dea6cb9c/family","requiredPermissions":["create_own_family_details","manage_family_details"],"timestamp":"2026-01-29 20:23:10","userId":"c5735592-9acc-46f8-9644-f55d9660560e","userPermissions":["view_profiles","edit_own_profile","upload_photo","delete_own_photo","send_interest","accept_reject_interest","send_message","view_messages","shortlist_profiles","search_profiles","view_own_profile_viewers","report_user","manage_subscription","view_notifications","view_profiles","edit_own_profile","upload_photo","delete_own_photo","send_interest","accept_reject_interest","send_message","view_messages","shortlist_profiles","search_profiles","view_own_profile_viewers","report_user","manage_subscription","view_notifications","approve_photos","reject_photos","view_reports","moderate_content","update_report_status","warn_users","view_audit_logs","view_all_photos_pending","view_profiles","edit_own_profile","upload_photo","delete_own_photo","send_interest","accept_reject_interest","send_message","view_messages","shortlist_profiles","search_profiles","view_own_profile_viewers","report_user","manage_subscription","view_notifications","approve_photos","reject_photos","view_reports","moderate_content","update_report_status","warn_users","view_audit_logs","view_all_photos_pending","manage_users","activate_deactivate_users","delete_users","verify_profiles","manage_subscriptions","view_analytics","manage_master_data","create_moderators","manage_roles","manage_permissions","view_all_users","view_user_details","export_reports","view_revenue_reports","manual_subscription_activation","process_refunds","create_own_family_details","edit_own_family_details","view_family_details","create_own_family_details","edit_own_family_details","view_family_details","create_own_family_details","edit_own_family_details","view_family_details","manage_family_details"]}
{"ip":"::1","level":"warn","message":"Ownership check failed","method":"POST","path":"/7af0cc53-de82-48c7-8711-18e8dea6cb9c/family","resourceId":"7af0cc53-de82-48c7-8711-18e8dea6cb9c","resourceType":"family details","timestamp":"2026-01-29 20:23:10","userId":"c5735592-9acc-46f8-9644-f55d9660560e"}
{"action":"Resource ownership violation","error":"\nInvalid `prisma.auditLog.create()` invocation:\n\n{\n  data: {\n    user_id: \"c5735592-9acc-46f8-9644-f55d9660560e\",\n    ~~~~~~~\n    action: \"Resource ownership violation\",\n    table_name: \"authorization\",\n    record_id: \"c5735592-9acc-46f8-9644-f55d9660560e\",\n    old_values: null,\n    new_values: \"{\\\"path\\\":\\\"/7af0cc53-de82-48c7-8711-18e8dea6cb9c/family\\\",\\\"method\\\":\\\"POST\\\",\\\"ip\\\":\\\"::1\\\",\\\"userAgent\\\":\\\"PostmanRuntime/7.51.0\\\",\\\"resourceId\\\":\\\"7af0cc53-de82-48c7-8711-18e8dea6cb9c\\\",\\\"resourceType\\\":\\\"family details\\\"}\",\n    ip_address: \"::1\",\n    user_agent: \"PostmanRuntime/7.51.0\",\n?   created_at?: DateTime,\n?   actor?: UserCreateNestedOneWithoutAudit_logsInput\n  }\n}\n\nUnknown argument `user_id`. Available options are marked with ?.","level":"error","message":"Failed to log authorization failure to audit trail","timestamp":"2026-01-29 20:23:10","userId":"c5735592-9acc-46f8-9644-f55d9660560e"}
{"ip":"::1","level":"error","message":"Request Error You do not have permission to access this resource","method":"POST","name":"ForbiddenError","statusCode":403,"timestamp":"2026-01-29 20:23:10","url":"/users/7af0cc53-de82-48c7-8711-18e8dea6cb9c/family","userId":null}
{"level":"http","message":"POST /users/7af0cc53-de82-48c7-8711-18e8dea6cb9c/family 403 410ms","timestamp":"2026-01-29 20:23:10"}
{"level":"http","message":"POST /users/7af0cc53-de82-48c7-8711-18e8dea6cb9c/family 403 410ms","timestamp":"2026-01-29 20:23:10"}
{"level":"http","message":"POST /users/7af0cc53-de82-48c7-8711-18e8dea6cb9c/family 403 411ms","timestamp":"2026-01-29 20:23:10"}
{"identifier":"kshithu911@gmail.com","level":"auth","message":"[Auth] Login attempt: SUCCESS","role":"ADMIN","success":true,"timestamp":"2026-01-29 20:23:24","userId":"c5735592-9acc-46f8-9644-f55d9660560e"}
{"level":"auth","message":"[Auth] Token generated","timestamp":"2026-01-29 20:23:24","userId":"c5735592-9acc-46f8-9644-f55d9660560e"}
{"level":"http","message":"POST /auth/login 200 403ms","timestamp":"2026-01-29 20:23:24"}
{"level":"http","message":"POST /auth/login 200 404ms","timestamp":"2026-01-29 20:23:24"}
{"level":"http","message":"POST /auth/login 200 404ms","timestamp":"2026-01-29 20:23:24"}
{"level":"auth","message":"Permission authorization successful","method":"POST","path":"/7af0cc53-de82-48c7-8711-18e8dea6cb9c/family","requiredPermissions":["create_own_family_details","manage_family_details"],"timestamp":"2026-01-29 20:23:37","userId":"c5735592-9acc-46f8-9644-f55d9660560e","userPermissions":["view_profiles","edit_own_profile","upload_photo","delete_own_photo","send_interest","accept_reject_interest","send_message","view_messages","shortlist_profiles","search_profiles","view_own_profile_viewers","report_user","manage_subscription","view_notifications","view_profiles","edit_own_profile","upload_photo","delete_own_photo","send_interest","accept_reject_interest","send_message","view_messages","shortlist_profiles","search_profiles","view_own_profile_viewers","report_user","manage_subscription","view_notifications","approve_photos","reject_photos","view_reports","moderate_content","update_report_status","warn_users","view_audit_logs","view_all_photos_pending","view_profiles","edit_own_profile","upload_photo","delete_own_photo","send_interest","accept_reject_interest","send_message","view_messages","shortlist_profiles","search_profiles","view_own_profile_viewers","report_user","manage_subscription","view_notifications","approve_photos","reject_photos","view_reports","moderate_content","update_report_status","warn_users","view_audit_logs","view_all_photos_pending","manage_users","activate_deactivate_users","delete_users","verify_profiles","manage_subscriptions","view_analytics","manage_master_data","create_moderators","manage_roles","manage_permissions","view_all_users","view_user_details","export_reports","view_revenue_reports","manual_subscription_activation","process_refunds","create_own_family_details","edit_own_family_details","view_family_details","create_own_family_details","edit_own_family_details","view_family_details","create_own_family_details","edit_own_family_details","view_family_details","manage_family_details"]}
{"ip":"::1","level":"warn","message":"Ownership check failed","method":"POST","path":"/7af0cc53-de82-48c7-8711-18e8dea6cb9c/family","resourceId":"7af0cc53-de82-48c7-8711-18e8dea6cb9c","resourceType":"family details","timestamp":"2026-01-29 20:23:37","userId":"c5735592-9acc-46f8-9644-f55d9660560e"}
{"action":"Resource ownership violation","error":"\nInvalid `prisma.auditLog.create()` invocation:\n\n{\n  data: {\n    user_id: \"c5735592-9acc-46f8-9644-f55d9660560e\",\n    ~~~~~~~\n    action: \"Resource ownership violation\",\n    table_name: \"authorization\",\n    record_id: \"c5735592-9acc-46f8-9644-f55d9660560e\",\n    old_values: null,\n    new_values: \"{\\\"path\\\":\\\"/7af0cc53-de82-48c7-8711-18e8dea6cb9c/family\\\",\\\"method\\\":\\\"POST\\\",\\\"ip\\\":\\\"::1\\\",\\\"userAgent\\\":\\\"PostmanRuntime/7.51.0\\\",\\\"resourceId\\\":\\\"7af0cc53-de82-48c7-8711-18e8dea6cb9c\\\",\\\"resourceType\\\":\\\"family details\\\"}\",\n    ip_address: \"::1\",\n    user_agent: \"PostmanRuntime/7.51.0\",\n?   created_at?: DateTime,\n?   actor?: UserCreateNestedOneWithoutAudit_logsInput\n  }\n}\n\nUnknown argument `user_id`. Available options are marked with ?.","level":"error","message":"Failed to log authorization failure to audit trail","timestamp":"2026-01-29 20:23:37","userId":"c5735592-9acc-46f8-9644-f55d9660560e"}
{"ip":"::1","level":"error","message":"Request Error You do not have permission to access this resource","method":"POST","name":"ForbiddenError","statusCode":403,"timestamp":"2026-01-29 20:23:37","url":"/users/7af0cc53-de82-48c7-8711-18e8dea6cb9c/family","userId":null}
{"level":"http","message":"POST /users/7af0cc53-de82-48c7-8711-18e8dea6cb9c/family 403 317ms","timestamp":"2026-01-29 20:23:37"}
{"level":"http","message":"POST /users/7af0cc53-de82-48c7-8711-18e8dea6cb9c/family 403 317ms","timestamp":"2026-01-29 20:23:37"}
{"level":"http","message":"POST /users/7af0cc53-de82-48c7-8711-18e8dea6cb9c/family 403 318ms","timestamp":"2026-01-29 20:23:37"}
{"level":"auth","message":"Permission authorization successful","method":"PUT","path":"/7af0cc53-de82-48c7-8711-18e8dea6cb9c/family","requiredPermissions":["edit_own_family_details","manage_family_details"],"timestamp":"2026-01-29 20:23:45","userId":"c5735592-9acc-46f8-9644-f55d9660560e","userPermissions":["view_profiles","edit_own_profile","upload_photo","delete_own_photo","send_interest","accept_reject_interest","send_message","view_messages","shortlist_profiles","search_profiles","view_own_profile_viewers","report_user","manage_subscription","view_notifications","view_profiles","edit_own_profile","upload_photo","delete_own_photo","send_interest","accept_reject_interest","send_message","view_messages","shortlist_profiles","search_profiles","view_own_profile_viewers","report_user","manage_subscription","view_notifications","approve_photos","reject_photos","view_reports","moderate_content","update_report_status","warn_users","view_audit_logs","view_all_photos_pending","view_profiles","edit_own_profile","upload_photo","delete_own_photo","send_interest","accept_reject_interest","send_message","view_messages","shortlist_profiles","search_profiles","view_own_profile_viewers","report_user","manage_subscription","view_notifications","approve_photos","reject_photos","view_reports","moderate_content","update_report_status","warn_users","view_audit_logs","view_all_photos_pending","manage_users","activate_deactivate_users","delete_users","verify_profiles","manage_subscriptions","view_analytics","manage_master_data","create_moderators","manage_roles","manage_permissions","view_all_users","view_user_details","export_reports","view_revenue_reports","manual_subscription_activation","process_refunds","create_own_family_details","edit_own_family_details","view_family_details","create_own_family_details","edit_own_family_details","view_family_details","create_own_family_details","edit_own_family_details","view_family_details","manage_family_details"]}
{"ip":"::1","level":"warn","message":"Ownership check failed","method":"PUT","path":"/7af0cc53-de82-48c7-8711-18e8dea6cb9c/family","resourceId":"7af0cc53-de82-48c7-8711-18e8dea6cb9c","resourceType":"family details","timestamp":"2026-01-29 20:23:45","userId":"c5735592-9acc-46f8-9644-f55d9660560e"}
{"action":"Resource ownership violation","error":"\nInvalid `prisma.auditLog.create()` invocation:\n\n{\n  data: {\n    user_id: \"c5735592-9acc-46f8-9644-f55d9660560e\",\n    ~~~~~~~\n    action: \"Resource ownership violation\",\n    table_name: \"authorization\",\n    record_id: \"c5735592-9acc-46f8-9644-f55d9660560e\",\n    old_values: null,\n    new_values: \"{\\\"path\\\":\\\"/7af0cc53-de82-48c7-8711-18e8dea6cb9c/family\\\",\\\"method\\\":\\\"PUT\\\",\\\"ip\\\":\\\"::1\\\",\\\"userAgent\\\":\\\"PostmanRuntime/7.51.0\\\",\\\"resourceId\\\":\\\"7af0cc53-de82-48c7-8711-18e8dea6cb9c\\\",\\\"resourceType\\\":\\\"family details\\\"}\",\n    ip_address: \"::1\",\n    user_agent: \"PostmanRuntime/7.51.0\",\n?   created_at?: DateTime,\n?   actor?: UserCreateNestedOneWithoutAudit_logsInput\n  }\n}\n\nUnknown argument `user_id`. Available options are marked with ?.","level":"error","message":"Failed to log authorization failure to audit trail","timestamp":"2026-01-29 20:23:45","userId":"c5735592-9acc-46f8-9644-f55d9660560e"}
{"ip":"::1","level":"error","message":"Request Error You do not have permission to access this resource","method":"PUT","name":"ForbiddenError","statusCode":403,"timestamp":"2026-01-29 20:23:45","url":"/users/7af0cc53-de82-48c7-8711-18e8dea6cb9c/family","userId":null}
{"level":"http","message":"PUT /users/7af0cc53-de82-48c7-8711-18e8dea6cb9c/family 403 304ms","timestamp":"2026-01-29 20:23:45"}
{"level":"http","message":"PUT /users/7af0cc53-de82-48c7-8711-18e8dea6cb9c/family 403 305ms","timestamp":"2026-01-29 20:23:45"}
{"level":"http","message":"PUT /users/7af0cc53-de82-48c7-8711-18e8dea6cb9c/family 403 305ms","timestamp":"2026-01-29 20:23:45"}
{"environment":"development","level":"info","message":"Server started on port 3000","port":3000,"timestamp":"2026-01-29 20:29:33"}
{"host":"Supabase","level":"info","message":"Database connected successfully","timestamp":"2026-01-29 20:29:33","type":"PostgreSQL"}
{"level":"auth","message":"Permission authorization successful","method":"PUT","path":"/7af0cc53-de82-48c7-8711-18e8dea6cb9c/family","requiredPermissions":["edit_own_family_details","manage_family_details"],"timestamp":"2026-01-29 20:30:02","userId":"c5735592-9acc-46f8-9644-f55d9660560e","userPermissions":["view_profiles","edit_own_profile","upload_photo","delete_own_photo","send_interest","accept_reject_interest","send_message","view_messages","shortlist_profiles","search_profiles","view_own_profile_viewers","report_user","manage_subscription","view_notifications","view_profiles","edit_own_profile","upload_photo","delete_own_photo","send_interest","accept_reject_interest","send_message","view_messages","shortlist_profiles","search_profiles","view_own_profile_viewers","report_user","manage_subscription","view_notifications","approve_photos","reject_photos","view_reports","moderate_content","update_report_status","warn_users","view_audit_logs","view_all_photos_pending","view_profiles","edit_own_profile","upload_photo","delete_own_photo","send_interest","accept_reject_interest","send_message","view_messages","shortlist_profiles","search_profiles","view_own_profile_viewers","report_user","manage_subscription","view_notifications","approve_photos","reject_photos","view_reports","moderate_content","update_report_status","warn_users","view_audit_logs","view_all_photos_pending","manage_users","activate_deactivate_users","delete_users","verify_profiles","manage_subscriptions","view_analytics","manage_master_data","create_moderators","manage_roles","manage_permissions","view_all_users","view_user_details","export_reports","view_revenue_reports","manual_subscription_activation","process_refunds","create_own_family_details","edit_own_family_details","view_family_details","create_own_family_details","edit_own_family_details","view_family_details","create_own_family_details","edit_own_family_details","view_family_details","manage_family_details"]}
{"ip":"::1","level":"warn","message":"Ownership check failed","method":"PUT","path":"/7af0cc53-de82-48c7-8711-18e8dea6cb9c/family","resourceId":"7af0cc53-de82-48c7-8711-18e8dea6cb9c","resourceType":"family details","timestamp":"2026-01-29 20:30:02","userId":"c5735592-9acc-46f8-9644-f55d9660560e"}
{"action":"Resource ownership violation","error":"\nInvalid `prisma.auditLog.create()` invocation:\n\n{\n  data: {\n    user_id: \"c5735592-9acc-46f8-9644-f55d9660560e\",\n    ~~~~~~~\n    action: \"Resource ownership violation\",\n    table_name: \"authorization\",\n    record_id: \"c5735592-9acc-46f8-9644-f55d9660560e\",\n    old_values: null,\n    new_values: \"{\\\"path\\\":\\\"/7af0cc53-de82-48c7-8711-18e8dea6cb9c/family\\\",\\\"method\\\":\\\"PUT\\\",\\\"ip\\\":\\\"::1\\\",\\\"userAgent\\\":\\\"PostmanRuntime/7.51.0\\\",\\\"resourceId\\\":\\\"7af0cc53-de82-48c7-8711-18e8dea6cb9c\\\",\\\"resourceType\\\":\\\"family details\\\"}\",\n    ip_address: \"::1\",\n    user_agent: \"PostmanRuntime/7.51.0\",\n?   created_at?: DateTime,\n?   actor?: UserCreateNestedOneWithoutAudit_logsInput\n  }\n}\n\nUnknown argument `user_id`. Available options are marked with ?.","level":"error","message":"Failed to log authorization failure to audit trail","timestamp":"2026-01-29 20:30:02","userId":"c5735592-9acc-46f8-9644-f55d9660560e"}
{"ip":"::1","level":"error","message":"Request Error You do not have permission to access this resource","method":"PUT","name":"ForbiddenError","statusCode":403,"timestamp":"2026-01-29 20:30:02","url":"/users/7af0cc53-de82-48c7-8711-18e8dea6cb9c/family","userId":null}
{"level":"http","message":"PUT /users/7af0cc53-de82-48c7-8711-18e8dea6cb9c/family 403 352ms","timestamp":"2026-01-29 20:30:02"}
{"level":"http","message":"PUT /users/7af0cc53-de82-48c7-8711-18e8dea6cb9c/family 403 354ms","timestamp":"2026-01-29 20:30:02"}
{"level":"http","message":"PUT /users/7af0cc53-de82-48c7-8711-18e8dea6cb9c/family 403 358ms","timestamp":"2026-01-29 20:30:02"}
{"environment":"development","level":"info","message":"Server started on port 3000","port":3000,"timestamp":"2026-01-29 20:36:32"}
{"host":"Supabase","level":"info","message":"Database connected successfully","timestamp":"2026-01-29 20:36:32","type":"PostgreSQL"}
{"identifier":"kshithu911@gmail.com","level":"auth","message":"[Auth] Login attempt: SUCCESS","role":"ADMIN","success":true,"timestamp":"2026-01-29 20:36:55","userId":"c5735592-9acc-46f8-9644-f55d9660560e"}
{"level":"auth","message":"[Auth] Token generated","timestamp":"2026-01-29 20:36:55","userId":"c5735592-9acc-46f8-9644-f55d9660560e"}
{"level":"http","message":"POST /auth/login 200 501ms","timestamp":"2026-01-29 20:36:55"}
{"level":"http","message":"POST /auth/login 200 502ms","timestamp":"2026-01-29 20:36:55"}
{"level":"http","message":"POST /auth/login 200 505ms","timestamp":"2026-01-29 20:36:55"}
{"level":"auth","message":"Permission authorization successful","method":"PUT","path":"/7af0cc53-de82-48c7-8711-18e8dea6cb9c/family","requiredPermissions":["edit_own_family_details","manage_family_details"],"timestamp":"2026-01-29 20:37:04","userId":"c5735592-9acc-46f8-9644-f55d9660560e","userPermissions":["view_profiles","edit_own_profile","upload_photo","delete_own_photo","send_interest","accept_reject_interest","send_message","view_messages","shortlist_profiles","search_profiles","view_own_profile_viewers","report_user","manage_subscription","view_notifications","view_profiles","edit_own_profile","upload_photo","delete_own_photo","send_interest","accept_reject_interest","send_message","view_messages","shortlist_profiles","search_profiles","view_own_profile_viewers","report_user","manage_subscription","view_notifications","approve_photos","reject_photos","view_reports","moderate_content","update_report_status","warn_users","view_audit_logs","view_all_photos_pending","view_profiles","edit_own_profile","upload_photo","delete_own_photo","send_interest","accept_reject_interest","send_message","view_messages","shortlist_profiles","search_profiles","view_own_profile_viewers","report_user","manage_subscription","view_notifications","approve_photos","reject_photos","view_reports","moderate_content","update_report_status","warn_users","view_audit_logs","view_all_photos_pending","manage_users","activate_deactivate_users","delete_users","verify_profiles","manage_subscriptions","view_analytics","manage_master_data","create_moderators","manage_roles","manage_permissions","view_all_users","view_user_details","export_reports","view_revenue_reports","manual_subscription_activation","process_refunds","create_own_family_details","edit_own_family_details","view_family_details","create_own_family_details","edit_own_family_details","view_family_details","create_own_family_details","edit_own_family_details","view_family_details","manage_family_details"]}
{"ip":"::1","level":"warn","message":"Ownership check failed","method":"PUT","path":"/7af0cc53-de82-48c7-8711-18e8dea6cb9c/family","resourceId":"7af0cc53-de82-48c7-8711-18e8dea6cb9c","resourceType":"family details","timestamp":"2026-01-29 20:37:04","userId":"c5735592-9acc-46f8-9644-f55d9660560e"}
{"action":"Resource ownership violation","error":"\nInvalid `prisma.auditLog.create()` invocation:\n\n{\n  data: {\n    user_id: \"c5735592-9acc-46f8-9644-f55d9660560e\",\n    ~~~~~~~\n    action: \"Resource ownership violation\",\n    table_name: \"authorization\",\n    record_id: \"c5735592-9acc-46f8-9644-f55d9660560e\",\n    old_values: null,\n    new_values: \"{\\\"path\\\":\\\"/7af0cc53-de82-48c7-8711-18e8dea6cb9c/family\\\",\\\"method\\\":\\\"PUT\\\",\\\"ip\\\":\\\"::1\\\",\\\"userAgent\\\":\\\"PostmanRuntime/7.51.0\\\",\\\"resourceId\\\":\\\"7af0cc53-de82-48c7-8711-18e8dea6cb9c\\\",\\\"resourceType\\\":\\\"family details\\\"}\",\n    ip_address: \"::1\",\n    user_agent: \"PostmanRuntime/7.51.0\",\n?   created_at?: DateTime,\n?   actor?: UserCreateNestedOneWithoutAudit_logsInput\n  }\n}\n\nUnknown argument `user_id`. Available options are marked with ?.","level":"error","message":"Failed to log authorization failure to audit trail","timestamp":"2026-01-29 20:37:04","userId":"c5735592-9acc-46f8-9644-f55d9660560e"}
{"ip":"::1","level":"error","message":"Request Error You do not have permission to access this resource","method":"PUT","name":"ForbiddenError","statusCode":403,"timestamp":"2026-01-29 20:37:04","url":"/users/7af0cc53-de82-48c7-8711-18e8dea6cb9c/family","userId":"c5735592-9acc-46f8-9644-f55d9660560e"}
{"level":"http","message":"PUT /users/7af0cc53-de82-48c7-8711-18e8dea6cb9c/family 403 332ms","timestamp":"2026-01-29 20:37:04"}
{"level":"http","message":"PUT /users/7af0cc53-de82-48c7-8711-18e8dea6cb9c/family 403 333ms","timestamp":"2026-01-29 20:37:04"}
{"level":"http","message":"PUT /users/7af0cc53-de82-48c7-8711-18e8dea6cb9c/family 403 334ms","timestamp":"2026-01-29 20:37:04"}
{"environment":"development","level":"info","message":"Server started on port 3000","port":3000,"timestamp":"2026-01-29 20:43:30"}
{"host":"Supabase","level":"info","message":"Database connected successfully","timestamp":"2026-01-29 20:43:30","type":"PostgreSQL"}
{"environment":"development","level":"info","message":"Server started on port 3000","port":3000,"timestamp":"2026-01-29 20:44:55"}
{"host":"Supabase","level":"info","message":"Database connected successfully","timestamp":"2026-01-29 20:44:55","type":"PostgreSQL"}
{"level":"auth","message":"Permission authorization bypassed for ADMIN","method":"PUT","path":"/7af0cc53-de82-48c7-8711-18e8dea6cb9c/family","requiredPermissions":["edit_own_family_details","manage_family_details"],"roleName":"ADMIN","timestamp":"2026-01-29 20:45:45","userId":"c5735592-9acc-46f8-9644-f55d9660560e"}
{"level":"auth","message":"Ownership check bypassed","method":"PUT","path":"/7af0cc53-de82-48c7-8711-18e8dea6cb9c/family","resourceId":"7af0cc53-de82-48c7-8711-18e8dea6cb9c","resourceType":"family details","roleName":"ADMIN","timestamp":"2026-01-29 20:45:45","userId":"c5735592-9acc-46f8-9644-f55d9660560e"}
{"fieldsUpdated":["mother_occupation"],"level":"info","message":"[API] Family details updated successfully","timestamp":"2026-01-29 20:45:45","userId":"7af0cc53-de82-48c7-8711-18e8dea6cb9c"}
{"level":"http","message":"PUT /users/7af0cc53-de82-48c7-8711-18e8dea6cb9c/family 200 618ms","timestamp":"2026-01-29 20:45:45"}
{"level":"http","message":"PUT /users/7af0cc53-de82-48c7-8711-18e8dea6cb9c/family 200 619ms","timestamp":"2026-01-29 20:45:45"}
{"level":"http","message":"PUT /users/7af0cc53-de82-48c7-8711-18e8dea6cb9c/family 200 638ms","timestamp":"2026-01-29 20:45:45"}
{"identifier":"9380245433","level":"auth","message":"[Auth] Login attempt: SUCCESS","role":"USER","success":true,"timestamp":"2026-01-29 20:47:22","userId":"f6ab094e-2900-497f-bb0d-000cc93a25db"}
{"level":"auth","message":"[Auth] Token generated","timestamp":"2026-01-29 20:47:22","userId":"f6ab094e-2900-497f-bb0d-000cc93a25db"}
{"level":"http","message":"POST /auth/login 200 391ms","timestamp":"2026-01-29 20:47:22"}
{"level":"http","message":"POST /auth/login 200 391ms","timestamp":"2026-01-29 20:47:22"}
{"level":"http","message":"POST /auth/login 200 392ms","timestamp":"2026-01-29 20:47:22"}
{"level":"auth","message":"Permission authorization successful","method":"PUT","path":"/7af0cc53-de82-48c7-8711-18e8dea6cb9c/family","requiredPermissions":["edit_own_family_details","manage_family_details"],"roleName":"USER","timestamp":"2026-01-29 20:47:38","userId":"f6ab094e-2900-497f-bb0d-000cc93a25db","userPermissions":["view_profiles","edit_own_profile","upload_photo","delete_own_photo","send_interest","accept_reject_interest","send_message","view_messages","shortlist_profiles","search_profiles","view_own_profile_viewers","report_user","manage_subscription","view_notifications","create_own_family_details","edit_own_family_details","view_family_details"]}
{"ip":"::1","level":"warn","message":"Ownership check failed","method":"PUT","path":"/7af0cc53-de82-48c7-8711-18e8dea6cb9c/family","resourceId":"7af0cc53-de82-48c7-8711-18e8dea6cb9c","resourceType":"family details","roleName":"USER","timestamp":"2026-01-29 20:47:38","userId":"f6ab094e-2900-497f-bb0d-000cc93a25db"}
{"action":"Resource ownership violation","error":"\nInvalid `prisma.auditLog.create()` invocation:\n\n{\n  data: {\n    user_id: \"f6ab094e-2900-497f-bb0d-000cc93a25db\",\n    ~~~~~~~\n    action: \"Resource ownership violation\",\n    table_name: \"authorization\",\n    record_id: \"f6ab094e-2900-497f-bb0d-000cc93a25db\",\n    old_values: null,\n    new_values: \"{\\\"path\\\":\\\"/7af0cc53-de82-48c7-8711-18e8dea6cb9c/family\\\",\\\"method\\\":\\\"PUT\\\",\\\"ip\\\":\\\"::1\\\",\\\"userAgent\\\":\\\"PostmanRuntime/7.51.0\\\",\\\"resourceId\\\":\\\"7af0cc53-de82-48c7-8711-18e8dea6cb9c\\\",\\\"resourceType\\\":\\\"family details\\\",\\\"roleName\\\":\\\"USER\\\"}\",\n    ip_address: \"::1\",\n    user_agent: \"PostmanRuntime/7.51.0\",\n?   created_at?: DateTime,\n?   actor?: UserCreateNestedOneWithoutAudit_logsInput\n  }\n}\n\nUnknown argument `user_id`. Available options are marked with ?.","level":"error","message":"Failed to log authorization failure to audit trail","timestamp":"2026-01-29 20:47:38","userId":"f6ab094e-2900-497f-bb0d-000cc93a25db"}
{"ip":"::1","level":"error","message":"Request Error You do not have permission to access this resource","method":"PUT","name":"ForbiddenError","statusCode":403,"timestamp":"2026-01-29 20:47:38","url":"/users/7af0cc53-de82-48c7-8711-18e8dea6cb9c/family","userId":"f6ab094e-2900-497f-bb0d-000cc93a25db"}
{"level":"http","message":"PUT /users/7af0cc53-de82-48c7-8711-18e8dea6cb9c/family 403 320ms","timestamp":"2026-01-29 20:47:38"}
{"level":"http","message":"PUT /users/7af0cc53-de82-48c7-8711-18e8dea6cb9c/family 403 321ms","timestamp":"2026-01-29 20:47:38"}
{"level":"http","message":"PUT /users/7af0cc53-de82-48c7-8711-18e8dea6cb9c/family 403 321ms","timestamp":"2026-01-29 20:47:38"}
{"environment":"development","level":"info","message":"Server started on port 3000","port":3000,"timestamp":"2026-01-29 22:42:05"}
{"host":"Supabase","level":"info","message":"Database connected successfully","timestamp":"2026-01-29 22:42:05","type":"PostgreSQL"}
{"identifier":"kshithu911@gmail.com","level":"auth","message":"[Auth] Login attempt: SUCCESS","role":"ADMIN","success":true,"timestamp":"2026-01-29 22:42:09","userId":"c5735592-9acc-46f8-9644-f55d9660560e"}
{"level":"auth","message":"[Auth] Token generated","timestamp":"2026-01-29 22:42:09","userId":"c5735592-9acc-46f8-9644-f55d9660560e"}
{"level":"http","message":"POST /auth/login 200 474ms","timestamp":"2026-01-29 22:42:09"}
{"level":"http","message":"POST /auth/login 200 475ms","timestamp":"2026-01-29 22:42:09"}
{"level":"http","message":"POST /auth/login 200 477ms","timestamp":"2026-01-29 22:42:09"}
{"identifier":"9380245433","level":"auth","message":"[Auth] Login attempt: SUCCESS","role":"USER","success":true,"timestamp":"2026-01-29 22:42:17","userId":"f6ab094e-2900-497f-bb0d-000cc93a25db"}
{"level":"auth","message":"[Auth] Token generated","timestamp":"2026-01-29 22:42:17","userId":"f6ab094e-2900-497f-bb0d-000cc93a25db"}
{"level":"http","message":"POST /auth/login 200 362ms","timestamp":"2026-01-29 22:42:17"}
{"level":"http","message":"POST /auth/login 200 363ms","timestamp":"2026-01-29 22:42:17"}
{"level":"http","message":"POST /auth/login 200 364ms","timestamp":"2026-01-29 22:42:17"}
{"level":"auth","message":"Permission authorization bypassed for ADMIN","method":"PUT","path":"/f6ab094e-2900-497f-bb0d-000cc93a25db/family","requiredPermissions":["edit_own_family_details","manage_family_details"],"roleName":"ADMIN","timestamp":"2026-01-29 22:44:34","userId":"c5735592-9acc-46f8-9644-f55d9660560e"}
{"level":"auth","message":"Ownership check bypassed","method":"PUT","path":"/f6ab094e-2900-497f-bb0d-000cc93a25db/family","resourceId":"f6ab094e-2900-497f-bb0d-000cc93a25db","resourceType":"family details","roleName":"ADMIN","timestamp":"2026-01-29 22:44:34","userId":"c5735592-9acc-46f8-9644-f55d9660560e"}
{"error":"Not found","level":"error","message":"[API] Update family details failed - not found","stack":"Error: Not found\n    at ProfileController.updateFamilyDetails (file:///D:/Kshitij/Internship/Projects/SARVVIVAH/Backend/src/controllers/profileController.js:122:64)","timestamp":"2026-01-29 22:44:34","userId":"f6ab094e-2900-497f-bb0d-000cc93a25db"}
{"ip":"::1","level":"error","message":"Request Error Family details not found for this user. Use POST /users/:userId/family to create.","method":"PUT","name":"NotFoundError","statusCode":404,"timestamp":"2026-01-29 22:44:34","url":"/users/f6ab094e-2900-497f-bb0d-000cc93a25db/family","userId":"c5735592-9acc-46f8-9644-f55d9660560e"}
{"level":"http","message":"PUT /users/f6ab094e-2900-497f-bb0d-000cc93a25db/family 404 427ms","timestamp":"2026-01-29 22:44:34"}
{"level":"http","message":"PUT /users/f6ab094e-2900-497f-bb0d-000cc93a25db/family 404 427ms","timestamp":"2026-01-29 22:44:34"}
{"level":"http","message":"PUT /users/f6ab094e-2900-497f-bb0d-000cc93a25db/family 404 428ms","timestamp":"2026-01-29 22:44:34"}
{"level":"auth","message":"Permission authorization bypassed for ADMIN","method":"POST","path":"/f6ab094e-2900-497f-bb0d-000cc93a25db/family","requiredPermissions":["create_own_family_details","manage_family_details"],"roleName":"ADMIN","timestamp":"2026-01-29 22:45:03","userId":"c5735592-9acc-46f8-9644-f55d9660560e"}
{"level":"auth","message":"Ownership check bypassed","method":"POST","path":"/f6ab094e-2900-497f-bb0d-000cc93a25db/family","resourceId":"f6ab094e-2900-497f-bb0d-000cc93a25db","resourceType":"family details","roleName":"ADMIN","timestamp":"2026-01-29 22:45:03","userId":"c5735592-9acc-46f8-9644-f55d9660560e"}
{"hasData":true,"level":"info","message":"[API] Family details created successfully","timestamp":"2026-01-29 22:45:04","userId":"f6ab094e-2900-497f-bb0d-000cc93a25db"}
{"level":"http","message":"POST /users/f6ab094e-2900-497f-bb0d-000cc93a25db/family 201 513ms","timestamp":"2026-01-29 22:45:04"}
{"level":"http","message":"POST /users/f6ab094e-2900-497f-bb0d-000cc93a25db/family 201 514ms","timestamp":"2026-01-29 22:45:04"}
{"level":"http","message":"POST /users/f6ab094e-2900-497f-bb0d-000cc93a25db/family 201 514ms","timestamp":"2026-01-29 22:45:04"}
{"environment":"development","level":"info","message":"Server started on port 3000","port":3000,"timestamp":"2026-01-29 14:42:18"}
{"host":"Supabase","level":"info","message":"Database connected successfully","timestamp":"2026-01-29 14:42:19","type":"PostgreSQL"}
{"environment":"development","level":"info","message":"Server started on port 3000","port":3000,"timestamp":"2026-01-29 14:42:30"}
{"host":"Supabase","level":"info","message":"Database connected successfully","timestamp":"2026-01-29 14:42:30","type":"PostgreSQL"}
{"environment":"development","level":"info","message":"Server started on port 3000","port":3000,"timestamp":"2026-01-29 14:43:27"}
{"host":"Supabase","level":"info","message":"Database connected successfully","timestamp":"2026-01-29 14:43:28","type":"PostgreSQL"}
{"ip":"::1","level":"error","message":"Request Error Failed to generate token pair: Failed to store refresh token: Cannot read properties of undefined (reading 'create')","method":"POST","name":"Error","statusCode":500,"timestamp":"2026-01-29 14:43:46","url":"/auth/login","userId":null}
{"ip":"::1","level":"error","message":"POST /auth/login 500 611ms","method":"POST","responseTime":"611ms","statusCode":500,"timestamp":"2026-01-29 14:43:46","url":"/auth/login","userAgent":"PostmanRuntime/7.51.0","userId":null}
{"ip":"::1","level":"error","message":"POST /auth/login 500 612ms","method":"POST","responseTime":"612ms","statusCode":500,"timestamp":"2026-01-29 14:43:46","url":"/auth/login","userAgent":"PostmanRuntime/7.51.0","userId":null}
{"ip":"::1","level":"error","message":"POST /auth/login 500 616ms","method":"POST","responseTime":"616ms","statusCode":500,"timestamp":"2026-01-29 14:43:46","url":"/auth/login","userAgent":"PostmanRuntime/7.51.0","userId":null}
{"ip":"::1","level":"error","message":"Request Error Failed to generate token pair: Failed to store refresh token: Cannot read properties of undefined (reading 'create')","method":"POST","name":"Error","statusCode":500,"timestamp":"2026-01-29 14:45:08","url":"/auth/login","userId":null}
{"ip":"::1","level":"error","message":"POST /auth/login 500 371ms","method":"POST","responseTime":"371ms","statusCode":500,"timestamp":"2026-01-29 14:45:08","url":"/auth/login","userAgent":"PostmanRuntime/7.51.0","userId":null}
{"ip":"::1","level":"error","message":"POST /auth/login 500 371ms","method":"POST","responseTime":"371ms","statusCode":500,"timestamp":"2026-01-29 14:45:08","url":"/auth/login","userAgent":"PostmanRuntime/7.51.0","userId":null}
{"ip":"::1","level":"error","message":"POST /auth/login 500 372ms","method":"POST","responseTime":"372ms","statusCode":500,"timestamp":"2026-01-29 14:45:08","url":"/auth/login","userAgent":"PostmanRuntime/7.51.0","userId":null}
{"ip":"::1","level":"error","message":"Request Error Failed to generate token pair: Failed to store refresh token: Cannot read properties of undefined (reading 'create')","method":"POST","name":"Error","statusCode":500,"timestamp":"2026-01-29 14:46:51","url":"/auth/login","userId":null}
{"ip":"::1","level":"error","message":"POST /auth/login 500 410ms","method":"POST","responseTime":"410ms","statusCode":500,"timestamp":"2026-01-29 14:46:51","url":"/auth/login","userAgent":"PostmanRuntime/7.51.0","userId":null}
{"ip":"::1","level":"error","message":"POST /auth/login 500 411ms","method":"POST","responseTime":"411ms","statusCode":500,"timestamp":"2026-01-29 14:46:51","url":"/auth/login","userAgent":"PostmanRuntime/7.51.0","userId":null}
{"ip":"::1","level":"error","message":"POST /auth/login 500 412ms","method":"POST","responseTime":"412ms","statusCode":500,"timestamp":"2026-01-29 14:46:51","url":"/auth/login","userAgent":"PostmanRuntime/7.51.0","userId":null}
{"environment":"development","level":"info","message":"Server started on port 3000","port":3000,"timestamp":"2026-01-29 14:47:33"}
{"host":"Supabase","level":"info","message":"Database connected successfully","timestamp":"2026-01-29 14:47:33","type":"PostgreSQL"}
{"identifier":"9380422508","level":"auth","message":"[Auth] Login attempt: SUCCESS","role":"ADMIN","success":true,"timestamp":"2026-01-29 14:48:03","userId":"eb5321fe-160b-4688-8ca2-d56f3b1d6e4e"}
{"level":"auth","message":"[Auth] Token generated","timestamp":"2026-01-29 14:48:03","userId":"eb5321fe-160b-4688-8ca2-d56f3b1d6e4e"}
{"level":"http","message":"POST /auth/login 200 721ms","timestamp":"2026-01-29 14:48:03"}
{"level":"http","message":"POST /auth/login 200 722ms","timestamp":"2026-01-29 14:48:03"}
{"level":"http","message":"POST /auth/login 200 726ms","timestamp":"2026-01-29 14:48:03"}
{"level":"http","message":"GET /master/religions/1/hierarchy 401 0ms","timestamp":"2026-01-29 14:49:17"}
{"level":"http","message":"GET /master/religions/1/hierarchy 401 1ms","timestamp":"2026-01-29 14:49:17"}
{"level":"http","message":"GET /master/religions/1/hierarchy 401 2ms","timestamp":"2026-01-29 14:49:17"}
{"level":"http","message":"GET /master/religions/1/hierarchy 200 1337ms","timestamp":"2026-01-29 14:49:43"}
{"level":"http","message":"GET /master/religions/1/hierarchy 200 1338ms","timestamp":"2026-01-29 14:49:43"}
{"level":"http","message":"GET /master/religions/1/hierarchy 200 1338ms","timestamp":"2026-01-29 14:49:43"}
{"environment":"development","level":"info","message":"Server started on port 3000","port":3000,"timestamp":"2026-01-29 15:50:37"}
{"host":"Supabase","level":"info","message":"Database connected successfully","timestamp":"2026-01-29 15:50:38","type":"PostgreSQL"}
{"environment":"development","level":"info","message":"Server started on port 3000","port":3000,"timestamp":"2026-01-29 15:52:22"}
{"host":"Supabase","level":"info","message":"Database connected successfully","timestamp":"2026-01-29 15:52:22","type":"PostgreSQL"}
{"environment":"development","level":"info","message":"Server started on port 3000","port":3000,"timestamp":"2026-01-29 15:52:23"}
{"host":"Supabase","level":"info","message":"Database connected successfully","timestamp":"2026-01-29 15:52:23","type":"PostgreSQL"}
{"environment":"development","level":"info","message":"Server started on port 3000","port":3000,"timestamp":"2026-01-29 16:12:00"}
{"host":"Supabase","level":"info","message":"Database connected successfully","timestamp":"2026-01-29 16:12:00","type":"PostgreSQL"}
{"identifier":"9380422508","level":"auth","message":"[Auth] Login attempt: SUCCESS","role":"ADMIN","success":true,"timestamp":"2026-01-29 16:12:06","userId":"eb5321fe-160b-4688-8ca2-d56f3b1d6e4e"}
{"level":"auth","message":"[Auth] Token generated","timestamp":"2026-01-29 16:12:06","userId":"eb5321fe-160b-4688-8ca2-d56f3b1d6e4e"}
{"level":"http","message":"POST /auth/login 200 685ms","timestamp":"2026-01-29 16:12:06"}
{"level":"http","message":"POST /auth/login 200 686ms","timestamp":"2026-01-29 16:12:06"}
{"level":"http","message":"POST /auth/login 200 689ms","timestamp":"2026-01-29 16:12:06"}
{"ip":"::1","level":"error","message":"Request Error logDatabase is not a function","method":"POST","name":"TypeError","statusCode":500,"timestamp":"2026-01-29 16:15:46","url":"/users/eb5321fe-160b-4688-8ca2-d56f3b1d6e4e/personal","userId":"eb5321fe-160b-4688-8ca2-d56f3b1d6e4e"}
{"ip":"::1","level":"error","message":"POST /users/eb5321fe-160b-4688-8ca2-d56f3b1d6e4e/personal 500 978ms","method":"POST","responseTime":"978ms","statusCode":500,"timestamp":"2026-01-29 16:15:46","url":"/users/eb5321fe-160b-4688-8ca2-d56f3b1d6e4e/personal","userAgent":"PostmanRuntime/7.51.0","userId":"eb5321fe-160b-4688-8ca2-d56f3b1d6e4e"}
{"ip":"::1","level":"error","message":"POST /users/eb5321fe-160b-4688-8ca2-d56f3b1d6e4e/personal 500 979ms","method":"POST","responseTime":"979ms","statusCode":500,"timestamp":"2026-01-29 16:15:46","url":"/users/eb5321fe-160b-4688-8ca2-d56f3b1d6e4e/personal","userAgent":"PostmanRuntime/7.51.0","userId":"eb5321fe-160b-4688-8ca2-d56f3b1d6e4e"}
{"ip":"::1","level":"error","message":"POST /users/eb5321fe-160b-4688-8ca2-d56f3b1d6e4e/personal 500 980ms","method":"POST","responseTime":"980ms","statusCode":500,"timestamp":"2026-01-29 16:15:46","url":"/users/eb5321fe-160b-4688-8ca2-d56f3b1d6e4e/personal","userAgent":"PostmanRuntime/7.51.0","userId":"eb5321fe-160b-4688-8ca2-d56f3b1d6e4e"}
{"environment":"development","level":"info","message":"Server started on port 3000","port":3000,"timestamp":"2026-01-29 16:18:16"}
{"host":"Supabase","level":"info","message":"Database connected successfully","timestamp":"2026-01-29 16:18:16","type":"PostgreSQL"}
{"environment":"development","level":"info","message":"Server started on port 3000","port":3000,"timestamp":"2026-01-29 16:18:47"}
{"host":"Supabase","level":"info","message":"Database connected successfully","timestamp":"2026-01-29 16:18:47","type":"PostgreSQL"}
{"fieldsUpdated":["height_cm","weight_kg","marital_status","physical_status","mother_tongue","complexion","body_type","blood_group","diet_preference","drinking_habit","smoking_habit","about_me"],"level":"info","message":"Personal details updated","timestamp":"2026-01-29 16:19:02","userId":"eb5321fe-160b-4688-8ca2-d56f3b1d6e4e"}
{"level":"http","message":"POST /users/eb5321fe-160b-4688-8ca2-d56f3b1d6e4e/personal 200 696ms","timestamp":"2026-01-29 16:19:02"}
{"level":"http","message":"POST /users/eb5321fe-160b-4688-8ca2-d56f3b1d6e4e/personal 200 697ms","timestamp":"2026-01-29 16:19:02"}
{"level":"http","message":"POST /users/eb5321fe-160b-4688-8ca2-d56f3b1d6e4e/personal 200 700ms","timestamp":"2026-01-29 16:19:02"}
{"fieldsUpdated":["mother_tongue","diet_preference"],"level":"info","message":"Personal details updated","timestamp":"2026-01-29 16:23:20","userId":"eb5321fe-160b-4688-8ca2-d56f3b1d6e4e"}
{"level":"http","message":"PUT /users/eb5321fe-160b-4688-8ca2-d56f3b1d6e4e/personal 200 878ms","timestamp":"2026-01-29 16:23:20"}
{"level":"http","message":"PUT /users/eb5321fe-160b-4688-8ca2-d56f3b1d6e4e/personal 200 879ms","timestamp":"2026-01-29 16:23:20"}
{"level":"http","message":"PUT /users/eb5321fe-160b-4688-8ca2-d56f3b1d6e4e/personal 200 880ms","timestamp":"2026-01-29 16:23:20"}
{"fieldsUpdated":["mother_tongue","diet_preference"],"level":"info","message":"Personal details updated","timestamp":"2026-01-29 16:23:41","userId":"eb5321fe-160b-4688-8ca2-d56f3b1d6e4e"}
{"level":"http","message":"PUT /users/eb5321fe-160b-4688-8ca2-d56f3b1d6e4e/personal 200 940ms","timestamp":"2026-01-29 16:23:41"}
{"level":"http","message":"PUT /users/eb5321fe-160b-4688-8ca2-d56f3b1d6e4e/personal 200 940ms","timestamp":"2026-01-29 16:23:41"}
{"level":"http","message":"PUT /users/eb5321fe-160b-4688-8ca2-d56f3b1d6e4e/personal 200 941ms","timestamp":"2026-01-29 16:23:41"}
{"level":"http","message":"GET /users/eb5321fe-160b-4688-8ca2-d56f3b1d6e4e/personal 401 0ms","timestamp":"2026-01-29 16:25:00"}
{"level":"http","message":"GET /users/eb5321fe-160b-4688-8ca2-d56f3b1d6e4e/personal 401 0ms","timestamp":"2026-01-29 16:25:00"}
{"level":"http","message":"GET /users/eb5321fe-160b-4688-8ca2-d56f3b1d6e4e/personal 401 1ms","timestamp":"2026-01-29 16:25:00"}
{"level":"http","message":"GET /users/eb5321fe-160b-4688-8ca2-d56f3b1d6e4e/personal 200 1395ms","timestamp":"2026-01-29 16:25:15"}
{"level":"http","message":"GET /users/eb5321fe-160b-4688-8ca2-d56f3b1d6e4e/personal 200 1396ms","timestamp":"2026-01-29 16:25:15"}
{"level":"http","message":"GET /users/eb5321fe-160b-4688-8ca2-d56f3b1d6e4e/personal 200 1397ms","timestamp":"2026-01-29 16:25:15"}
{"level":"http","message":"GET /users/eb5321fe-160b-4688-8ca2-d56f3b1d6e4e/profile-completion 401 1ms","timestamp":"2026-01-29 16:30:40"}
{"level":"http","message":"GET /users/eb5321fe-160b-4688-8ca2-d56f3b1d6e4e/profile-completion 401 1ms","timestamp":"2026-01-29 16:30:40"}
{"level":"http","message":"GET /users/eb5321fe-160b-4688-8ca2-d56f3b1d6e4e/profile-completion 401 2ms","timestamp":"2026-01-29 16:30:40"}
{"identifier":"9380422508","level":"auth","message":"[Auth] Login attempt: SUCCESS","role":"ADMIN","success":true,"timestamp":"2026-01-29 16:30:49","userId":"eb5321fe-160b-4688-8ca2-d56f3b1d6e4e"}
{"level":"auth","message":"[Auth] Token generated","timestamp":"2026-01-29 16:30:49","userId":"eb5321fe-160b-4688-8ca2-d56f3b1d6e4e"}
{"level":"http","message":"POST /auth/login 200 996ms","timestamp":"2026-01-29 16:30:49"}
{"level":"http","message":"POST /auth/login 200 996ms","timestamp":"2026-01-29 16:30:49"}
{"level":"http","message":"POST /auth/login 200 997ms","timestamp":"2026-01-29 16:30:49"}
{"level":"http","message":"GET /users/eb5321fe-160b-4688-8ca2-d56f3b1d6e4e/profile-completion 200 968ms","timestamp":"2026-01-29 16:31:07"}
{"level":"http","message":"GET /users/eb5321fe-160b-4688-8ca2-d56f3b1d6e4e/profile-completion 200 969ms","timestamp":"2026-01-29 16:31:07"}
{"level":"http","message":"GET /users/eb5321fe-160b-4688-8ca2-d56f3b1d6e4e/profile-completion 200 970ms","timestamp":"2026-01-29 16:31:07"}
{"level":"http","message":"POST /users/eb5321fe-160b-4688-8ca2-d56f3b1d6e4e/personal 401 0ms","timestamp":"2026-01-29 16:33:47"}
{"level":"http","message":"POST /users/eb5321fe-160b-4688-8ca2-d56f3b1d6e4e/personal 401 0ms","timestamp":"2026-01-29 16:33:47"}
{"level":"http","message":"POST /users/eb5321fe-160b-4688-8ca2-d56f3b1d6e4e/personal 401 1ms","timestamp":"2026-01-29 16:33:47"}
{"ip":"::1","level":"error","message":"Request Error Cannot read properties of undefined (reading 'map')","method":"POST","name":"TypeError","statusCode":500,"timestamp":"2026-01-29 16:34:02","url":"/users/eb5321fe-160b-4688-8ca2-d56f3b1d6e4e/personal","userId":"eb5321fe-160b-4688-8ca2-d56f3b1d6e4e"}
{"ip":"::1","level":"error","message":"POST /users/eb5321fe-160b-4688-8ca2-d56f3b1d6e4e/personal 500 3ms","method":"POST","responseTime":"3ms","statusCode":500,"timestamp":"2026-01-29 16:34:02","url":"/users/eb5321fe-160b-4688-8ca2-d56f3b1d6e4e/personal","userAgent":"PostmanRuntime/7.51.0","userId":"eb5321fe-160b-4688-8ca2-d56f3b1d6e4e"}
{"ip":"::1","level":"error","message":"POST /users/eb5321fe-160b-4688-8ca2-d56f3b1d6e4e/personal 500 3ms","method":"POST","responseTime":"3ms","statusCode":500,"timestamp":"2026-01-29 16:34:02","url":"/users/eb5321fe-160b-4688-8ca2-d56f3b1d6e4e/personal","userAgent":"PostmanRuntime/7.51.0","userId":"eb5321fe-160b-4688-8ca2-d56f3b1d6e4e"}
{"ip":"::1","level":"error","message":"POST /users/eb5321fe-160b-4688-8ca2-d56f3b1d6e4e/personal 500 3ms","method":"POST","responseTime":"3ms","statusCode":500,"timestamp":"2026-01-29 16:34:02","url":"/users/eb5321fe-160b-4688-8ca2-d56f3b1d6e4e/personal","userAgent":"PostmanRuntime/7.51.0","userId":"eb5321fe-160b-4688-8ca2-d56f3b1d6e4e"}
{"fieldsUpdated":["height_cm","weight_kg","marital_status","physical_status","mother_tongue","complexion","body_type","blood_group","diet_preference","drinking_habit","smoking_habit","about_me"],"level":"info","message":"Personal details updated","timestamp":"2026-01-29 16:34:21","userId":"eb5321fe-160b-4688-8ca2-d56f3b1d6e4e"}
{"level":"http","message":"POST /users/eb5321fe-160b-4688-8ca2-d56f3b1d6e4e/personal 200 821ms","timestamp":"2026-01-29 16:34:21"}
{"level":"http","message":"POST /users/eb5321fe-160b-4688-8ca2-d56f3b1d6e4e/personal 200 821ms","timestamp":"2026-01-29 16:34:21"}
{"level":"http","message":"POST /users/eb5321fe-160b-4688-8ca2-d56f3b1d6e4e/personal 200 822ms","timestamp":"2026-01-29 16:34:21"}
{"ip":"::1","level":"error","message":"Request Error Cannot read properties of undefined (reading 'map')","method":"POST","name":"TypeError","statusCode":500,"timestamp":"2026-01-29 16:34:29","url":"/users/eb5321fe-160b-4688-8ca2-d56f3b1d6e4e/personal","userId":"eb5321fe-160b-4688-8ca2-d56f3b1d6e4e"}
{"ip":"::1","level":"error","message":"POST /users/eb5321fe-160b-4688-8ca2-d56f3b1d6e4e/personal 500 2ms","method":"POST","responseTime":"2ms","statusCode":500,"timestamp":"2026-01-29 16:34:29","url":"/users/eb5321fe-160b-4688-8ca2-d56f3b1d6e4e/personal","userAgent":"PostmanRuntime/7.51.0","userId":"eb5321fe-160b-4688-8ca2-d56f3b1d6e4e"}
{"ip":"::1","level":"error","message":"POST /users/eb5321fe-160b-4688-8ca2-d56f3b1d6e4e/personal 500 2ms","method":"POST","responseTime":"2ms","statusCode":500,"timestamp":"2026-01-29 16:34:29","url":"/users/eb5321fe-160b-4688-8ca2-d56f3b1d6e4e/personal","userAgent":"PostmanRuntime/7.51.0","userId":"eb5321fe-160b-4688-8ca2-d56f3b1d6e4e"}
{"ip":"::1","level":"error","message":"POST /users/eb5321fe-160b-4688-8ca2-d56f3b1d6e4e/personal 500 3ms","method":"POST","responseTime":"3ms","statusCode":500,"timestamp":"2026-01-29 16:34:29","url":"/users/eb5321fe-160b-4688-8ca2-d56f3b1d6e4e/personal","userAgent":"PostmanRuntime/7.51.0","userId":"eb5321fe-160b-4688-8ca2-d56f3b1d6e4e"}
{"environment":"development","level":"info","message":"Server started on port 3000","port":3000,"timestamp":"2026-01-29 16:36:13"}
{"host":"Supabase","level":"info","message":"Database connected successfully","timestamp":"2026-01-29 16:36:13","type":"PostgreSQL"}
{"ip":"::1","level":"error","message":"Request Error [\n  {\n    \"origin\": \"number\",\n    \"code\": \"too_small\",\n    \"minimum\": 120,\n    \"inclusive\": true,\n    \"path\": [\n      \"height_cm\"\n    ],\n    \"message\": \"Height must be at least 120 cm\"\n  }\n]","method":"POST","name":"BadRequestError","statusCode":400,"timestamp":"2026-01-29 16:37:14","url":"/users/eb5321fe-160b-4688-8ca2-d56f3b1d6e4e/personal","userId":"eb5321fe-160b-4688-8ca2-d56f3b1d6e4e"}
{"level":"http","message":"POST /users/eb5321fe-160b-4688-8ca2-d56f3b1d6e4e/personal 400 8ms","timestamp":"2026-01-29 16:37:14"}
{"level":"http","message":"POST /users/eb5321fe-160b-4688-8ca2-d56f3b1d6e4e/personal 400 9ms","timestamp":"2026-01-29 16:37:14"}
{"level":"http","message":"POST /users/eb5321fe-160b-4688-8ca2-d56f3b1d6e4e/personal 400 12ms","timestamp":"2026-01-29 16:37:14"}
{"ip":"::1","level":"error","message":"Request Error [\n  {\n    \"origin\": \"number\",\n    \"code\": \"too_big\",\n    \"maximum\": 200,\n    \"inclusive\": true,\n    \"path\": [\n      \"weight_kg\"\n    ],\n    \"message\": \"Weight cannot exceed 200 kg\"\n  }\n]","method":"POST","name":"BadRequestError","statusCode":400,"timestamp":"2026-01-29 16:38:05","url":"/users/eb5321fe-160b-4688-8ca2-d56f3b1d6e4e/personal","userId":"eb5321fe-160b-4688-8ca2-d56f3b1d6e4e"}
{"level":"http","message":"POST /users/eb5321fe-160b-4688-8ca2-d56f3b1d6e4e/personal 400 3ms","timestamp":"2026-01-29 16:38:05"}
{"level":"http","message":"POST /users/eb5321fe-160b-4688-8ca2-d56f3b1d6e4e/personal 400 3ms","timestamp":"2026-01-29 16:38:05"}
{"level":"http","message":"POST /users/eb5321fe-160b-4688-8ca2-d56f3b1d6e4e/personal 400 4ms","timestamp":"2026-01-29 16:38:05"}
{"ip":"::1","level":"error","message":"Request Error [\n  {\n    \"origin\": \"number\",\n    \"code\": \"too_big\",\n    \"maximum\": 200,\n    \"inclusive\": true,\n    \"path\": [\n      \"weight_kg\"\n    ],\n    \"message\": \"Weight cannot exceed 200 kg\"\n  },\n  {\n    \"code\": \"invalid_value\",\n    \"values\": [\n      \"A+\",\n      \"A-\",\n      \"B+\",\n      \"B-\",\n      \"AB+\",\n      \"AB-\",\n      \"O+\",\n      \"O-\"\n    ],\n    \"path\": [\n      \"blood_group\"\n    ],\n    \"message\": \"Invalid option: expected one of \\\"A+\\\"|\\\"A-\\\"|\\\"B+\\\"|\\\"B-\\\"|\\\"AB+\\\"|\\\"AB-\\\"|\\\"O+\\\"|\\\"O-\\\"\"\n  }\n]","method":"POST","name":"BadRequestError","statusCode":400,"timestamp":"2026-01-29 16:38:50","url":"/users/eb5321fe-160b-4688-8ca2-d56f3b1d6e4e/personal","userId":"eb5321fe-160b-4688-8ca2-d56f3b1d6e4e"}
{"level":"http","message":"POST /users/eb5321fe-160b-4688-8ca2-d56f3b1d6e4e/personal 400 2ms","timestamp":"2026-01-29 16:38:50"}
{"level":"http","message":"POST /users/eb5321fe-160b-4688-8ca2-d56f3b1d6e4e/personal 400 3ms","timestamp":"2026-01-29 16:38:50"}
{"level":"http","message":"POST /users/eb5321fe-160b-4688-8ca2-d56f3b1d6e4e/personal 400 3ms","timestamp":"2026-01-29 16:38:50"}
{"ip":"::1","level":"error","message":"Request Error [\n  {\n    \"code\": \"invalid_value\",\n    \"values\": [\n      \"A+\",\n      \"A-\",\n      \"B+\",\n      \"B-\",\n      \"AB+\",\n      \"AB-\",\n      \"O+\",\n      \"O-\"\n    ],\n    \"path\": [\n      \"blood_group\"\n    ],\n    \"message\": \"Invalid option: expected one of \\\"A+\\\"|\\\"A-\\\"|\\\"B+\\\"|\\\"B-\\\"|\\\"AB+\\\"|\\\"AB-\\\"|\\\"O+\\\"|\\\"O-\\\"\"\n  }\n]","method":"POST","name":"BadRequestError","statusCode":400,"timestamp":"2026-01-29 16:43:02","url":"/users/f6ab094e-2900-497f-bb0d-000cc93a25db/personal","userId":"eb5321fe-160b-4688-8ca2-d56f3b1d6e4e"}
{"level":"http","message":"POST /users/f6ab094e-2900-497f-bb0d-000cc93a25db/personal 400 2ms","timestamp":"2026-01-29 16:43:02"}
{"level":"http","message":"POST /users/f6ab094e-2900-497f-bb0d-000cc93a25db/personal 400 2ms","timestamp":"2026-01-29 16:43:02"}
{"level":"http","message":"POST /users/f6ab094e-2900-497f-bb0d-000cc93a25db/personal 400 3ms","timestamp":"2026-01-29 16:43:02"}
{"fieldsUpdated":["height_cm","weight_kg","marital_status","physical_status","mother_tongue","complexion","body_type","blood_group","diet_preference","drinking_habit","smoking_habit","about_me"],"level":"info","message":"Personal details updated","timestamp":"2026-01-29 16:43:16","userId":"f6ab094e-2900-497f-bb0d-000cc93a25db"}
{"level":"http","message":"POST /users/f6ab094e-2900-497f-bb0d-000cc93a25db/personal 200 1226ms","timestamp":"2026-01-29 16:43:16"}
{"level":"http","message":"POST /users/f6ab094e-2900-497f-bb0d-000cc93a25db/personal 200 1227ms","timestamp":"2026-01-29 16:43:16"}
{"level":"http","message":"POST /users/f6ab094e-2900-497f-bb0d-000cc93a25db/personal 200 1227ms","timestamp":"2026-01-29 16:43:16"}
{"environment":"development","level":"info","message":"Server started on port 3000","port":3000,"timestamp":"2026-01-29 16:47:38"}
{"host":"Supabase","level":"info","message":"Database connected successfully","timestamp":"2026-01-29 16:47:38","type":"PostgreSQL"}
{"level":"http","message":"POST /users/f6ab094e-2900-497f-bb0d-000cc93a25db/personal 401 3ms","timestamp":"2026-01-29 16:48:51"}
{"level":"http","message":"POST /users/f6ab094e-2900-497f-bb0d-000cc93a25db/personal 401 4ms","timestamp":"2026-01-29 16:48:51"}
{"level":"http","message":"POST /users/f6ab094e-2900-497f-bb0d-000cc93a25db/personal 401 6ms","timestamp":"2026-01-29 16:48:51"}
{"identifier":"9380422508","level":"auth","message":"[Auth] Login attempt: SUCCESS","role":"ADMIN","success":true,"timestamp":"2026-01-29 16:48:57","userId":"eb5321fe-160b-4688-8ca2-d56f3b1d6e4e"}
{"level":"auth","message":"[Auth] Token generated","timestamp":"2026-01-29 16:48:57","userId":"eb5321fe-160b-4688-8ca2-d56f3b1d6e4e"}
{"level":"http","message":"POST /auth/login 200 593ms","timestamp":"2026-01-29 16:48:57"}
{"level":"http","message":"POST /auth/login 200 594ms","timestamp":"2026-01-29 16:48:57"}
{"level":"http","message":"POST /auth/login 200 595ms","timestamp":"2026-01-29 16:48:57"}
{"fieldsUpdated":["height_cm","weight_kg","marital_status","physical_status","mother_tongue","complexion","body_type","blood_group","diet_preference","drinking_habit","smoking_habit","about_me"],"level":"info","message":"Personal details updated","timestamp":"2026-01-29 16:49:16","userId":"f6ab094e-2900-497f-bb0d-000cc93a25db"}
{"level":"http","message":"POST /users/f6ab094e-2900-497f-bb0d-000cc93a25db/personal 200 677ms","timestamp":"2026-01-29 16:49:16"}
{"level":"http","message":"POST /users/f6ab094e-2900-497f-bb0d-000cc93a25db/personal 200 678ms","timestamp":"2026-01-29 16:49:16"}
{"level":"http","message":"POST /users/f6ab094e-2900-497f-bb0d-000cc93a25db/personal 200 679ms","timestamp":"2026-01-29 16:49:16"}
{"identifier":"9380245433","level":"auth","message":"[Auth] Login attempt: SUCCESS","role":"MODERATOR","success":true,"timestamp":"2026-01-29 16:51:33","userId":"f6ab094e-2900-497f-bb0d-000cc93a25db"}
{"level":"auth","message":"[Auth] Token generated","timestamp":"2026-01-29 16:51:33","userId":"f6ab094e-2900-497f-bb0d-000cc93a25db"}
{"level":"http","message":"POST /auth/login 200 654ms","timestamp":"2026-01-29 16:51:33"}
{"level":"http","message":"POST /auth/login 200 654ms","timestamp":"2026-01-29 16:51:33"}
{"level":"http","message":"POST /auth/login 200 655ms","timestamp":"2026-01-29 16:51:33"}
{"ip":"::1","level":"error","message":"Request Error You do not have permission to modify this user's personal details","method":"POST","name":"ForbiddenError","statusCode":403,"timestamp":"2026-01-29 16:51:50","url":"/users/f6ab094e-2900-497f-bb0d-000cc93a25db/personal","userId":"f6ab094e-2900-497f-bb0d-000cc93a25db"}
{"level":"http","message":"POST /users/f6ab094e-2900-497f-bb0d-000cc93a25db/personal 403 558ms","timestamp":"2026-01-29 16:51:50"}
{"level":"http","message":"POST /users/f6ab094e-2900-497f-bb0d-000cc93a25db/personal 403 558ms","timestamp":"2026-01-29 16:51:50"}
{"level":"http","message":"POST /users/f6ab094e-2900-497f-bb0d-000cc93a25db/personal 403 559ms","timestamp":"2026-01-29 16:51:50"}
{"environment":"development","level":"info","message":"Server started on port 3000","port":3000,"timestamp":"2026-01-29 16:54:27"}
{"host":"Supabase","level":"info","message":"Database connected successfully","timestamp":"2026-01-29 16:54:27","type":"PostgreSQL"}
{"environment":"development","level":"info","message":"Server started on port 3000","port":3000,"timestamp":"2026-01-29 17:05:40"}
{"host":"Supabase","level":"info","message":"Database connected successfully","timestamp":"2026-01-29 17:05:40","type":"PostgreSQL"}
{"environment":"development","level":"info","message":"Server started on port 3000","port":3000,"timestamp":"2026-01-29 17:06:10"}
{"host":"Supabase","level":"info","message":"Database connected successfully","timestamp":"2026-01-29 17:06:11","type":"PostgreSQL"}
{"environment":"development","level":"info","message":"Server started on port 3000","port":3000,"timestamp":"2026-01-29 17:06:39"}
{"host":"Supabase","level":"info","message":"Database connected successfully","timestamp":"2026-01-29 17:06:39","type":"PostgreSQL"}
{"level":"http","message":"POST /users/f6ab094e-2900-497f-bb0d-000cc93a25db/personal 401 3ms","timestamp":"2026-01-29 17:07:43"}
{"level":"http","message":"POST /users/f6ab094e-2900-497f-bb0d-000cc93a25db/personal 401 5ms","timestamp":"2026-01-29 17:07:43"}
{"level":"http","message":"POST /users/f6ab094e-2900-497f-bb0d-000cc93a25db/personal 401 7ms","timestamp":"2026-01-29 17:07:43"}
{"identifier":"9380422508","level":"auth","message":"[Auth] Login attempt: SUCCESS","role":"ADMIN","success":true,"timestamp":"2026-01-29 17:08:08","userId":"eb5321fe-160b-4688-8ca2-d56f3b1d6e4e"}
{"level":"auth","message":"[Auth] Token generated","timestamp":"2026-01-29 17:08:08","userId":"eb5321fe-160b-4688-8ca2-d56f3b1d6e4e"}
{"level":"http","message":"POST /auth/login 200 802ms","timestamp":"2026-01-29 17:08:08"}
{"level":"http","message":"POST /auth/login 200 802ms","timestamp":"2026-01-29 17:08:08"}
{"level":"http","message":"POST /auth/login 200 803ms","timestamp":"2026-01-29 17:08:08"}
{"ip":"::1","level":"error","message":"Request Error Personal details already exist. Use PUT to update.","method":"POST","name":"BadRequestError","statusCode":400,"timestamp":"2026-01-29 17:08:42","url":"/users/eb5321fe-160b-4688-8ca2-d56f3b1d6e4e/personal","userId":"eb5321fe-160b-4688-8ca2-d56f3b1d6e4e"}
{"level":"http","message":"POST /users/eb5321fe-160b-4688-8ca2-d56f3b1d6e4e/personal 400 438ms","timestamp":"2026-01-29 17:08:42"}
{"level":"http","message":"POST /users/eb5321fe-160b-4688-8ca2-d56f3b1d6e4e/personal 400 439ms","timestamp":"2026-01-29 17:08:42"}
{"level":"http","message":"POST /users/eb5321fe-160b-4688-8ca2-d56f3b1d6e4e/personal 400 441ms","timestamp":"2026-01-29 17:08:42"}
{"level":"http","message":"PUT /users/eb5321fe-160b-4688-8ca2-d56f3b1d6e4e/personal 401 0ms","timestamp":"2026-01-29 17:09:50"}
{"level":"http","message":"PUT /users/eb5321fe-160b-4688-8ca2-d56f3b1d6e4e/personal 401 0ms","timestamp":"2026-01-29 17:09:50"}
{"level":"http","message":"PUT /users/eb5321fe-160b-4688-8ca2-d56f3b1d6e4e/personal 401 1ms","timestamp":"2026-01-29 17:09:50"}
{"fieldsUpdated":["complexion"],"level":"info","message":"Personal details updated","timestamp":"2026-01-29 17:10:03","userId":"eb5321fe-160b-4688-8ca2-d56f3b1d6e4e"}
{"level":"http","message":"PUT /users/eb5321fe-160b-4688-8ca2-d56f3b1d6e4e/personal 200 1154ms","timestamp":"2026-01-29 17:10:03"}
{"level":"http","message":"PUT /users/eb5321fe-160b-4688-8ca2-d56f3b1d6e4e/personal 200 1155ms","timestamp":"2026-01-29 17:10:03"}
{"level":"http","message":"PUT /users/eb5321fe-160b-4688-8ca2-d56f3b1d6e4e/personal 200 1156ms","timestamp":"2026-01-29 17:10:03"}
{"environment":"development","level":"info","message":"Server started on port 3000","port":3000,"timestamp":"2026-01-29 17:50:57"}
{"host":"Supabase","level":"info","message":"Database connected successfully","timestamp":"2026-01-29 17:50:57","type":"PostgreSQL"}
{"environment":"development","level":"info","message":"Server started on port 3000","port":3000,"timestamp":"2026-01-29 17:51:27"}
{"host":"Supabase","level":"info","message":"Database connected successfully","timestamp":"2026-01-29 17:51:27","type":"PostgreSQL"}
{"environment":"development","level":"info","message":"Server started on port 3000","port":3000,"timestamp":"2026-01-29 17:53:43"}
{"host":"Supabase","level":"info","message":"Database connected successfully","timestamp":"2026-01-29 17:53:43","type":"PostgreSQL"}
{"identifier":"9380422508","level":"auth","message":"[Auth] Login attempt: SUCCESS","role":"ADMIN","success":true,"timestamp":"2026-01-29 17:55:45","userId":"eb5321fe-160b-4688-8ca2-d56f3b1d6e4e"}
{"level":"auth","message":"[Auth] Token generated","timestamp":"2026-01-29 17:55:45","userId":"eb5321fe-160b-4688-8ca2-d56f3b1d6e4e"}
{"level":"http","message":"POST /auth/login 200 873ms","timestamp":"2026-01-29 17:55:45"}
{"level":"http","message":"POST /auth/login 200 874ms","timestamp":"2026-01-29 17:55:45"}
{"level":"http","message":"POST /auth/login 200 876ms","timestamp":"2026-01-29 17:55:45"}
{"level":"http","message":"GET /users/eb5321fe-160b-4688-8ca2-d56f3b1d6e4e/personal 200 1327ms","timestamp":"2026-01-29 17:56:04"}
{"level":"http","message":"GET /users/eb5321fe-160b-4688-8ca2-d56f3b1d6e4e/personal 200 1329ms","timestamp":"2026-01-29 17:56:04"}
{"level":"http","message":"GET /users/eb5321fe-160b-4688-8ca2-d56f3b1d6e4e/personal 200 1331ms","timestamp":"2026-01-29 17:56:04"}
{"level":"http","message":"PUT /users/eb5321fe-160b-4688-8ca2-d56f3b1d6e4e/personal 401 1ms","timestamp":"2026-01-29 17:57:33"}
{"level":"http","message":"PUT /users/eb5321fe-160b-4688-8ca2-d56f3b1d6e4e/personal 401 2ms","timestamp":"2026-01-29 17:57:33"}
{"level":"http","message":"PUT /users/eb5321fe-160b-4688-8ca2-d56f3b1d6e4e/personal 401 2ms","timestamp":"2026-01-29 17:57:33"}
{"ip":"::1","level":"warn","message":"Ownership check attempted without authentication","method":"PUT","path":"/eb5321fe-160b-4688-8ca2-d56f3b1d6e4e/personal","resourceType":"personal_details","timestamp":"2026-01-29 17:57:47"}
{"ip":"::1","level":"error","message":"Request Error Authentication required","method":"PUT","name":"UnauthorizedError","statusCode":401,"timestamp":"2026-01-29 17:57:47","url":"/users/eb5321fe-160b-4688-8ca2-d56f3b1d6e4e/personal","userId":"eb5321fe-160b-4688-8ca2-d56f3b1d6e4e"}
{"level":"http","message":"PUT /users/eb5321fe-160b-4688-8ca2-d56f3b1d6e4e/personal 401 3ms","timestamp":"2026-01-29 17:57:47"}
{"level":"http","message":"PUT /users/eb5321fe-160b-4688-8ca2-d56f3b1d6e4e/personal 401 3ms","timestamp":"2026-01-29 17:57:47"}
{"level":"http","message":"PUT /users/eb5321fe-160b-4688-8ca2-d56f3b1d6e4e/personal 401 4ms","timestamp":"2026-01-29 17:57:47"}
{"ip":"::1","level":"warn","message":"Ownership check attempted without authentication","method":"PUT","path":"/eb5321fe-160b-4688-8ca2-d56f3b1d6e4e/personal","resourceType":"personal_details","timestamp":"2026-01-29 18:00:24"}
{"ip":"::1","level":"error","message":"Request Error Authentication required","method":"PUT","name":"UnauthorizedError","statusCode":401,"timestamp":"2026-01-29 18:00:24","url":"/users/eb5321fe-160b-4688-8ca2-d56f3b1d6e4e/personal","userId":"eb5321fe-160b-4688-8ca2-d56f3b1d6e4e"}
{"level":"http","message":"PUT /users/eb5321fe-160b-4688-8ca2-d56f3b1d6e4e/personal 401 2ms","timestamp":"2026-01-29 18:00:24"}
{"level":"http","message":"PUT /users/eb5321fe-160b-4688-8ca2-d56f3b1d6e4e/personal 401 3ms","timestamp":"2026-01-29 18:00:24"}
{"level":"http","message":"PUT /users/eb5321fe-160b-4688-8ca2-d56f3b1d6e4e/personal 401 4ms","timestamp":"2026-01-29 18:00:24"}
{"ip":"::1","level":"warn","message":"Ownership check attempted without authentication","method":"PUT","path":"/eb5321fe-160b-4688-8ca2-d56f3b1d6e4e/personal","resourceType":"personal_details","timestamp":"2026-01-29 18:04:40"}
{"ip":"::1","level":"error","message":"Request Error Authentication required","method":"PUT","name":"UnauthorizedError","statusCode":401,"timestamp":"2026-01-29 18:04:40","url":"/users/eb5321fe-160b-4688-8ca2-d56f3b1d6e4e/personal","userId":"eb5321fe-160b-4688-8ca2-d56f3b1d6e4e"}
{"level":"http","message":"PUT /users/eb5321fe-160b-4688-8ca2-d56f3b1d6e4e/personal 401 1ms","timestamp":"2026-01-29 18:04:40"}
{"level":"http","message":"PUT /users/eb5321fe-160b-4688-8ca2-d56f3b1d6e4e/personal 401 2ms","timestamp":"2026-01-29 18:04:40"}
{"level":"http","message":"PUT /users/eb5321fe-160b-4688-8ca2-d56f3b1d6e4e/personal 401 2ms","timestamp":"2026-01-29 18:04:40"}
{"environment":"development","level":"info","message":"Server started on port 3000","port":3000,"timestamp":"2026-01-29 18:06:05"}
{"host":"Supabase","level":"info","message":"Database connected successfully","timestamp":"2026-01-29 18:06:06","type":"PostgreSQL"}
{"environment":"development","level":"info","message":"Server started on port 3000","port":3000,"timestamp":"2026-01-29 18:07:53"}
{"host":"Supabase","level":"info","message":"Database connected successfully","timestamp":"2026-01-29 18:07:54","type":"PostgreSQL"}
{"identifier":"9380422508","level":"auth","message":"[Auth] Login attempt: SUCCESS","role":"ADMIN","success":true,"timestamp":"2026-01-29 18:08:21","userId":"eb5321fe-160b-4688-8ca2-d56f3b1d6e4e"}
{"level":"auth","message":"[Auth] Token generated","timestamp":"2026-01-29 18:08:21","userId":"eb5321fe-160b-4688-8ca2-d56f3b1d6e4e"}
{"level":"http","message":"POST /auth/login 200 846ms","timestamp":"2026-01-29 18:08:21"}
{"level":"http","message":"POST /auth/login 200 847ms","timestamp":"2026-01-29 18:08:21"}
{"level":"http","message":"POST /auth/login 200 849ms","timestamp":"2026-01-29 18:08:21"}
{"ip":"::1","level":"warn","message":"Ownership check attempted without authentication","method":"PUT","path":"/eb5321fe-160b-4688-8ca2-d56f3b1d6e4e/personal","resourceType":"personal_details","timestamp":"2026-01-29 18:08:36"}
{"ip":"::1","level":"error","message":"Request Error Authentication required","method":"PUT","name":"UnauthorizedError","statusCode":401,"timestamp":"2026-01-29 18:08:36","url":"/users/eb5321fe-160b-4688-8ca2-d56f3b1d6e4e/personal","userId":"eb5321fe-160b-4688-8ca2-d56f3b1d6e4e"}
{"level":"http","message":"PUT /users/eb5321fe-160b-4688-8ca2-d56f3b1d6e4e/personal 401 3ms","timestamp":"2026-01-29 18:08:36"}
{"level":"http","message":"PUT /users/eb5321fe-160b-4688-8ca2-d56f3b1d6e4e/personal 401 3ms","timestamp":"2026-01-29 18:08:36"}
{"level":"http","message":"PUT /users/eb5321fe-160b-4688-8ca2-d56f3b1d6e4e/personal 401 4ms","timestamp":"2026-01-29 18:08:36"}
{"environment":"development","level":"info","message":"Server started on port 3000","port":3000,"timestamp":"2026-01-29 18:12:30"}
{"host":"Supabase","level":"info","message":"Database connected successfully","timestamp":"2026-01-29 18:12:30","type":"PostgreSQL"}
{"fieldsUpdated":["mother_tongue","complexion"],"level":"info","message":"Personal details updated","timestamp":"2026-01-29 18:12:52","userId":"eb5321fe-160b-4688-8ca2-d56f3b1d6e4e"}
{"level":"http","message":"PUT /users/eb5321fe-160b-4688-8ca2-d56f3b1d6e4e/personal 200 1045ms","timestamp":"2026-01-29 18:12:52"}
{"level":"http","message":"PUT /users/eb5321fe-160b-4688-8ca2-d56f3b1d6e4e/personal 200 1046ms","timestamp":"2026-01-29 18:12:52"}
{"level":"http","message":"PUT /users/eb5321fe-160b-4688-8ca2-d56f3b1d6e4e/personal 200 1048ms","timestamp":"2026-01-29 18:12:52"}
{"environment":"development","level":"info","message":"Server started on port 3000","port":3000,"timestamp":"2026-01-29 19:06:01"}
{"host":"Supabase","level":"info","message":"Database connected successfully","timestamp":"2026-01-29 19:06:01","type":"PostgreSQL"}
{"environment":"development","level":"info","message":"Server started on port 3000","port":3000,"timestamp":"2026-01-29 19:06:34"}
{"host":"Supabase","level":"info","message":"Database connected successfully","timestamp":"2026-01-29 19:06:34","type":"PostgreSQL"}
{"environment":"development","level":"info","message":"Server started on port 3000","port":3000,"timestamp":"2026-01-29 19:06:49"}
{"host":"Supabase","level":"info","message":"Database connected successfully","timestamp":"2026-01-29 19:06:49","type":"PostgreSQL"}
{"environment":"development","level":"info","message":"Server started on port 3000","port":3000,"timestamp":"2026-01-29 19:08:08"}
{"host":"Supabase","level":"info","message":"Database connected successfully","timestamp":"2026-01-29 19:08:09","type":"PostgreSQL"}
{"environment":"development","level":"info","message":"Server started on port 3000","port":3000,"timestamp":"2026-01-29 19:09:16"}
{"host":"Supabase","level":"info","message":"Database connected successfully","timestamp":"2026-01-29 19:09:16","type":"PostgreSQL"}
{"environment":"development","level":"info","message":"Server started on port 3000","port":3000,"timestamp":"2026-01-29 19:16:06"}
{"host":"Supabase","level":"info","message":"Database connected successfully","timestamp":"2026-01-29 19:16:07","type":"PostgreSQL"}
{"identifier":"9380422508","level":"auth","message":"[Auth] Login attempt: SUCCESS","role":"ADMIN","success":true,"timestamp":"2026-01-29 19:21:04","userId":"eb5321fe-160b-4688-8ca2-d56f3b1d6e4e"}
{"level":"auth","message":"[Auth] Token generated","timestamp":"2026-01-29 19:21:04","userId":"eb5321fe-160b-4688-8ca2-d56f3b1d6e4e"}
{"level":"http","message":"POST /auth/login 200 742ms","timestamp":"2026-01-29 19:21:04"}
{"level":"http","message":"POST /auth/login 200 743ms","timestamp":"2026-01-29 19:21:04"}
{"level":"http","message":"POST /auth/login 200 747ms","timestamp":"2026-01-29 19:21:04"}
{"fieldsCreated":["religion_id"],"level":"info","message":"Caste details created","timestamp":"2026-01-29 19:22:06","userId":"eb5321fe-160b-4688-8ca2-d56f3b1d6e4e"}
{"level":"http","message":"POST /users/eb5321fe-160b-4688-8ca2-d56f3b1d6e4e/caste 201 1471ms","timestamp":"2026-01-29 19:22:06"}
{"level":"http","message":"POST /users/eb5321fe-160b-4688-8ca2-d56f3b1d6e4e/caste 201 1472ms","timestamp":"2026-01-29 19:22:06"}
{"level":"http","message":"POST /users/eb5321fe-160b-4688-8ca2-d56f3b1d6e4e/caste 201 1473ms","timestamp":"2026-01-29 19:22:06"}
{"ip":"::1","level":"error","message":"Request Error Caste details already exist. Use PUT to update.","method":"POST","name":"BadRequestError","statusCode":400,"timestamp":"2026-01-29 19:22:36","url":"/users/eb5321fe-160b-4688-8ca2-d56f3b1d6e4e/caste","userId":"eb5321fe-160b-4688-8ca2-d56f3b1d6e4e"}
{"level":"http","message":"POST /users/eb5321fe-160b-4688-8ca2-d56f3b1d6e4e/caste 400 429ms","timestamp":"2026-01-29 19:22:36"}
{"level":"http","message":"POST /users/eb5321fe-160b-4688-8ca2-d56f3b1d6e4e/caste 400 429ms","timestamp":"2026-01-29 19:22:36"}
{"level":"http","message":"POST /users/eb5321fe-160b-4688-8ca2-d56f3b1d6e4e/caste 400 430ms","timestamp":"2026-01-29 19:22:36"}
{"ip":"::1","level":"error","message":"Request Error Selected sub-caste does not belong to your current caste.","method":"PUT","name":"BadRequestError","statusCode":400,"timestamp":"2026-01-29 19:23:03","url":"/users/eb5321fe-160b-4688-8ca2-d56f3b1d6e4e/caste","userId":"eb5321fe-160b-4688-8ca2-d56f3b1d6e4e"}
{"level":"http","message":"PUT /users/eb5321fe-160b-4688-8ca2-d56f3b1d6e4e/caste 400 1285ms","timestamp":"2026-01-29 19:23:03"}
{"level":"http","message":"PUT /users/eb5321fe-160b-4688-8ca2-d56f3b1d6e4e/caste 400 1286ms","timestamp":"2026-01-29 19:23:03"}
{"level":"http","message":"PUT /users/eb5321fe-160b-4688-8ca2-d56f3b1d6e4e/caste 400 1286ms","timestamp":"2026-01-29 19:23:03"}
{"ip":"::1","level":"error","message":"Request Error Caste details already exist. Use PUT to update.","method":"POST","name":"BadRequestError","statusCode":400,"timestamp":"2026-01-29 19:23:42","url":"/users/eb5321fe-160b-4688-8ca2-d56f3b1d6e4e/caste","userId":"eb5321fe-160b-4688-8ca2-d56f3b1d6e4e"}
{"level":"http","message":"POST /users/eb5321fe-160b-4688-8ca2-d56f3b1d6e4e/caste 400 504ms","timestamp":"2026-01-29 19:23:42"}
{"level":"http","message":"POST /users/eb5321fe-160b-4688-8ca2-d56f3b1d6e4e/caste 400 504ms","timestamp":"2026-01-29 19:23:42"}
{"level":"http","message":"POST /users/eb5321fe-160b-4688-8ca2-d56f3b1d6e4e/caste 400 505ms","timestamp":"2026-01-29 19:23:42"}
{"ip":"::1","level":"error","message":"Request Error Caste details already exist. Use PUT to update.","method":"POST","name":"BadRequestError","statusCode":400,"timestamp":"2026-01-29 19:24:29","url":"/users/eb5321fe-160b-4688-8ca2-d56f3b1d6e4e/caste","userId":"eb5321fe-160b-4688-8ca2-d56f3b1d6e4e"}
{"level":"http","message":"POST /users/eb5321fe-160b-4688-8ca2-d56f3b1d6e4e/caste 400 424ms","timestamp":"2026-01-29 19:24:29"}
{"level":"http","message":"POST /users/eb5321fe-160b-4688-8ca2-d56f3b1d6e4e/caste 400 425ms","timestamp":"2026-01-29 19:24:29"}
{"level":"http","message":"POST /users/eb5321fe-160b-4688-8ca2-d56f3b1d6e4e/caste 400 425ms","timestamp":"2026-01-29 19:24:29"}
{"ip":"::1","level":"error","message":"Request Error Selected sub-caste does not belong to your current caste.","method":"PUT","name":"BadRequestError","statusCode":400,"timestamp":"2026-01-29 19:24:37","url":"/users/eb5321fe-160b-4688-8ca2-d56f3b1d6e4e/caste","userId":"eb5321fe-160b-4688-8ca2-d56f3b1d6e4e"}
{"level":"http","message":"PUT /users/eb5321fe-160b-4688-8ca2-d56f3b1d6e4e/caste 400 1098ms","timestamp":"2026-01-29 19:24:37"}
{"level":"http","message":"PUT /users/eb5321fe-160b-4688-8ca2-d56f3b1d6e4e/caste 400 1098ms","timestamp":"2026-01-29 19:24:37"}
{"level":"http","message":"PUT /users/eb5321fe-160b-4688-8ca2-d56f3b1d6e4e/caste 400 1099ms","timestamp":"2026-01-29 19:24:37"}
{"ip":"::1","level":"error","message":"Request Error Selected sub-caste does not belong to your current caste.","method":"PUT","name":"BadRequestError","statusCode":400,"timestamp":"2026-01-29 19:25:38","url":"/users/eb5321fe-160b-4688-8ca2-d56f3b1d6e4e/caste","userId":"eb5321fe-160b-4688-8ca2-d56f3b1d6e4e"}
{"level":"http","message":"PUT /users/eb5321fe-160b-4688-8ca2-d56f3b1d6e4e/caste 400 1122ms","timestamp":"2026-01-29 19:25:38"}
{"level":"http","message":"PUT /users/eb5321fe-160b-4688-8ca2-d56f3b1d6e4e/caste 400 1122ms","timestamp":"2026-01-29 19:25:38"}
{"level":"http","message":"PUT /users/eb5321fe-160b-4688-8ca2-d56f3b1d6e4e/caste 400 1123ms","timestamp":"2026-01-29 19:25:38"}
{"fieldsUpdated":["religion_id","caste_id","sub_caste_id","community_details"],"level":"info","message":"Caste details updated","timestamp":"2026-01-29 19:27:17","userId":"eb5321fe-160b-4688-8ca2-d56f3b1d6e4e"}
{"level":"http","message":"PUT /users/eb5321fe-160b-4688-8ca2-d56f3b1d6e4e/caste 200 1887ms","timestamp":"2026-01-29 19:27:17"}
{"level":"http","message":"PUT /users/eb5321fe-160b-4688-8ca2-d56f3b1d6e4e/caste 200 1887ms","timestamp":"2026-01-29 19:27:17"}
{"level":"http","message":"PUT /users/eb5321fe-160b-4688-8ca2-d56f3b1d6e4e/caste 200 1888ms","timestamp":"2026-01-29 19:27:17"}
{"level":"http","message":"PUT /users/eb5321fe-160b-4688-8ca2-d56f3b1d6e4e/caste 401 0ms","timestamp":"2026-01-29 19:30:46"}
{"level":"http","message":"PUT /users/eb5321fe-160b-4688-8ca2-d56f3b1d6e4e/caste 401 1ms","timestamp":"2026-01-29 19:30:46"}
{"level":"http","message":"PUT /users/eb5321fe-160b-4688-8ca2-d56f3b1d6e4e/caste 401 2ms","timestamp":"2026-01-29 19:30:46"}
{"identifier":"9380422508","level":"auth","message":"[Auth] Login attempt: SUCCESS","role":"ADMIN","success":true,"timestamp":"2026-01-29 19:30:52","userId":"eb5321fe-160b-4688-8ca2-d56f3b1d6e4e"}
{"level":"auth","message":"[Auth] Token generated","timestamp":"2026-01-29 19:30:52","userId":"eb5321fe-160b-4688-8ca2-d56f3b1d6e4e"}
{"level":"http","message":"POST /auth/login 200 636ms","timestamp":"2026-01-29 19:30:52"}
{"level":"http","message":"POST /auth/login 200 636ms","timestamp":"2026-01-29 19:30:52"}
{"level":"http","message":"POST /auth/login 200 637ms","timestamp":"2026-01-29 19:30:52"}
{"fieldsUpdated":["caste_id"],"level":"info","message":"Caste details updated","timestamp":"2026-01-29 19:31:22","userId":"eb5321fe-160b-4688-8ca2-d56f3b1d6e4e"}
{"level":"http","message":"PUT /users/eb5321fe-160b-4688-8ca2-d56f3b1d6e4e/caste 200 1518ms","timestamp":"2026-01-29 19:31:22"}
{"level":"http","message":"PUT /users/eb5321fe-160b-4688-8ca2-d56f3b1d6e4e/caste 200 1519ms","timestamp":"2026-01-29 19:31:22"}
{"level":"http","message":"PUT /users/eb5321fe-160b-4688-8ca2-d56f3b1d6e4e/caste 200 1519ms","timestamp":"2026-01-29 19:31:22"}
{"environment":"development","level":"info","message":"Server started on port 3000","port":3000,"timestamp":"2026-01-29 19:35:03"}
{"host":"Supabase","level":"info","message":"Database connected successfully","timestamp":"2026-01-29 19:35:03","type":"PostgreSQL"}
{"environment":"development","level":"info","message":"Server started on port 3000","port":3000,"timestamp":"2026-01-29 19:35:12"}
{"host":"Supabase","level":"info","message":"Database connected successfully","timestamp":"2026-01-29 19:35:13","type":"PostgreSQL"}
{"fieldsUpdated":["caste_id"],"level":"info","message":"Caste details updated","timestamp":"2026-01-29 19:36:47","userId":"eb5321fe-160b-4688-8ca2-d56f3b1d6e4e"}
{"level":"http","message":"PUT /users/eb5321fe-160b-4688-8ca2-d56f3b1d6e4e/caste 200 1422ms","timestamp":"2026-01-29 19:36:47"}
{"level":"http","message":"PUT /users/eb5321fe-160b-4688-8ca2-d56f3b1d6e4e/caste 200 1423ms","timestamp":"2026-01-29 19:36:47"}
{"level":"http","message":"PUT /users/eb5321fe-160b-4688-8ca2-d56f3b1d6e4e/caste 200 1425ms","timestamp":"2026-01-29 19:36:47"}
{"fieldsUpdated":["caste_id"],"level":"info","message":"Caste details updated","timestamp":"2026-01-29 19:37:26","userId":"eb5321fe-160b-4688-8ca2-d56f3b1d6e4e"}
{"level":"http","message":"PUT /users/eb5321fe-160b-4688-8ca2-d56f3b1d6e4e/caste 200 1347ms","timestamp":"2026-01-29 19:37:26"}
{"level":"http","message":"PUT /users/eb5321fe-160b-4688-8ca2-d56f3b1d6e4e/caste 200 1347ms","timestamp":"2026-01-29 19:37:26"}
{"level":"http","message":"PUT /users/eb5321fe-160b-4688-8ca2-d56f3b1d6e4e/caste 200 1348ms","timestamp":"2026-01-29 19:37:26"}
{"environment":"development","level":"info","message":"Server started on port 3000","port":3000,"timestamp":"2026-01-29 19:37:54"}
{"host":"Supabase","level":"info","message":"Database connected successfully","timestamp":"2026-01-29 19:37:55","type":"PostgreSQL"}
{"fieldsUpdated":["caste_id","sub_caste_id"],"level":"info","message":"Caste details updated","timestamp":"2026-01-29 19:38:18","userId":"eb5321fe-160b-4688-8ca2-d56f3b1d6e4e"}
{"level":"http","message":"PUT /users/eb5321fe-160b-4688-8ca2-d56f3b1d6e4e/caste 200 1736ms","timestamp":"2026-01-29 19:38:18"}
{"level":"http","message":"PUT /users/eb5321fe-160b-4688-8ca2-d56f3b1d6e4e/caste 200 1737ms","timestamp":"2026-01-29 19:38:18"}
{"level":"http","message":"PUT /users/eb5321fe-160b-4688-8ca2-d56f3b1d6e4e/caste 200 1739ms","timestamp":"2026-01-29 19:38:18"}
{"ip":"::1","level":"error","message":"Request Error Selected sub-caste does not belong to your current caste.","method":"PUT","name":"BadRequestError","statusCode":400,"timestamp":"2026-01-29 19:39:38","url":"/users/eb5321fe-160b-4688-8ca2-d56f3b1d6e4e/caste","userId":"eb5321fe-160b-4688-8ca2-d56f3b1d6e4e"}
{"level":"http","message":"PUT /users/eb5321fe-160b-4688-8ca2-d56f3b1d6e4e/caste 400 1402ms","timestamp":"2026-01-29 19:39:38"}
{"level":"http","message":"PUT /users/eb5321fe-160b-4688-8ca2-d56f3b1d6e4e/caste 400 1402ms","timestamp":"2026-01-29 19:39:38"}
{"level":"http","message":"PUT /users/eb5321fe-160b-4688-8ca2-d56f3b1d6e4e/caste 400 1403ms","timestamp":"2026-01-29 19:39:38"}
{"fieldsUpdated":["sub_caste_id"],"level":"info","message":"Caste details updated","timestamp":"2026-01-29 19:39:49","userId":"eb5321fe-160b-4688-8ca2-d56f3b1d6e4e"}
{"level":"http","message":"PUT /users/eb5321fe-160b-4688-8ca2-d56f3b1d6e4e/caste 200 1535ms","timestamp":"2026-01-29 19:39:49"}
{"level":"http","message":"PUT /users/eb5321fe-160b-4688-8ca2-d56f3b1d6e4e/caste 200 1536ms","timestamp":"2026-01-29 19:39:49"}
{"level":"http","message":"PUT /users/eb5321fe-160b-4688-8ca2-d56f3b1d6e4e/caste 200 1536ms","timestamp":"2026-01-29 19:39:49"}
{"fieldsUpdated":["community_details"],"level":"info","message":"Caste details updated","timestamp":"2026-01-29 19:40:14","userId":"eb5321fe-160b-4688-8ca2-d56f3b1d6e4e"}
{"level":"http","message":"PUT /users/eb5321fe-160b-4688-8ca2-d56f3b1d6e4e/caste 200 1454ms","timestamp":"2026-01-29 19:40:14"}
{"level":"http","message":"PUT /users/eb5321fe-160b-4688-8ca2-d56f3b1d6e4e/caste 200 1454ms","timestamp":"2026-01-29 19:40:14"}
{"level":"http","message":"PUT /users/eb5321fe-160b-4688-8ca2-d56f3b1d6e4e/caste 200 1455ms","timestamp":"2026-01-29 19:40:14"}
{"level":"http","message":"GET /users/eb5321fe-160b-4688-8ca2-d56f3b1d6e4e/caste 200 1415ms","timestamp":"2026-01-29 19:40:50"}
{"level":"http","message":"GET /users/eb5321fe-160b-4688-8ca2-d56f3b1d6e4e/caste 200 1416ms","timestamp":"2026-01-29 19:40:50"}
{"level":"http","message":"GET /users/eb5321fe-160b-4688-8ca2-d56f3b1d6e4e/caste 200 1417ms","timestamp":"2026-01-29 19:40:50"}
{"identifier":"9380245433","level":"auth","message":"[Auth] Login attempt: SUCCESS","role":"MODERATOR","success":true,"timestamp":"2026-01-29 19:41:47","userId":"f6ab094e-2900-497f-bb0d-000cc93a25db"}
{"level":"auth","message":"[Auth] Token generated","timestamp":"2026-01-29 19:41:47","userId":"f6ab094e-2900-497f-bb0d-000cc93a25db"}
{"level":"http","message":"POST /auth/login 200 643ms","timestamp":"2026-01-29 19:41:47"}
{"level":"http","message":"POST /auth/login 200 644ms","timestamp":"2026-01-29 19:41:47"}
{"level":"http","message":"POST /auth/login 200 644ms","timestamp":"2026-01-29 19:41:47"}
{"level":"http","message":"POST /users/eb5321fe-160b-4688-8ca2-d56f3b1d6e4e/personal 401 0ms","timestamp":"2026-01-29 19:43:10"}
{"level":"http","message":"POST /users/eb5321fe-160b-4688-8ca2-d56f3b1d6e4e/personal 401 1ms","timestamp":"2026-01-29 19:43:10"}
{"level":"http","message":"POST /users/eb5321fe-160b-4688-8ca2-d56f3b1d6e4e/personal 401 1ms","timestamp":"2026-01-29 19:43:10"}
{"ip":"::1","level":"error","message":"Request Error [\n  {\n    \"code\": \"invalid_value\",\n    \"values\": [\n      \"Never Married\",\n      \"Divorced\",\n      \"Widowed\",\n      \"Awaiting Divorce\",\n      \"Separated\",\n      \"Annulled\"\n    ],\n    \"path\": [\n      \"marital_status\"\n    ],\n    \"message\": \"Invalid option: expected one of \\\"Never Married\\\"|\\\"Divorced\\\"|\\\"Widowed\\\"|\\\"Awaiting Divorce\\\"|\\\"Separated\\\"|\\\"Annulled\\\"\"\n  },\n  {\n    \"code\": \"invalid_value\",\n    \"values\": [\n      \"Normal\",\n      \"Visually Impaired\",\n      \"Hearing Impaired\",\n      \"Mobility Impaired\",\n      \"Other\"\n    ],\n    \"path\": [\n      \"physical_status\"\n    ],\n    \"message\": \"Invalid option: expected one of \\\"Normal\\\"|\\\"Visually Impaired\\\"|\\\"Hearing Impaired\\\"|\\\"Mobility Impaired\\\"|\\\"Other\\\"\"\n  }\n]","method":"POST","name":"BadRequestError","statusCode":400,"timestamp":"2026-01-29 19:43:24","url":"/users/eb5321fe-160b-4688-8ca2-d56f3b1d6e4e/personal","userId":"f6ab094e-2900-497f-bb0d-000cc93a25db"}
{"level":"http","message":"POST /users/eb5321fe-160b-4688-8ca2-d56f3b1d6e4e/personal 400 3ms","timestamp":"2026-01-29 19:43:24"}
{"level":"http","message":"POST /users/eb5321fe-160b-4688-8ca2-d56f3b1d6e4e/personal 400 4ms","timestamp":"2026-01-29 19:43:24"}
{"level":"http","message":"POST /users/eb5321fe-160b-4688-8ca2-d56f3b1d6e4e/personal 400 4ms","timestamp":"2026-01-29 19:43:24"}
{"ip":"::1","level":"error","message":"Request Error [\n  {\n    \"code\": \"invalid_value\",\n    \"values\": [\n      \"Normal\",\n      \"Visually Impaired\",\n      \"Hearing Impaired\",\n      \"Mobility Impaired\",\n      \"Other\"\n    ],\n    \"path\": [\n      \"physical_status\"\n    ],\n    \"message\": \"Invalid option: expected one of \\\"Normal\\\"|\\\"Visually Impaired\\\"|\\\"Hearing Impaired\\\"|\\\"Mobility Impaired\\\"|\\\"Other\\\"\"\n  }\n]","method":"POST","name":"BadRequestError","statusCode":400,"timestamp":"2026-01-29 19:44:08","url":"/users/eb5321fe-160b-4688-8ca2-d56f3b1d6e4e/personal","userId":"f6ab094e-2900-497f-bb0d-000cc93a25db"}
{"level":"http","message":"POST /users/eb5321fe-160b-4688-8ca2-d56f3b1d6e4e/personal 400 1ms","timestamp":"2026-01-29 19:44:08"}
{"level":"http","message":"POST /users/eb5321fe-160b-4688-8ca2-d56f3b1d6e4e/personal 400 1ms","timestamp":"2026-01-29 19:44:08"}
{"level":"http","message":"POST /users/eb5321fe-160b-4688-8ca2-d56f3b1d6e4e/personal 400 2ms","timestamp":"2026-01-29 19:44:08"}
{"ip":"::1","level":"error","message":"Request Error Personal details already exist. Use PUT to update.","method":"POST","name":"BadRequestError","statusCode":400,"timestamp":"2026-01-29 19:44:39","url":"/users/eb5321fe-160b-4688-8ca2-d56f3b1d6e4e/personal","userId":"f6ab094e-2900-497f-bb0d-000cc93a25db"}
{"level":"http","message":"POST /users/eb5321fe-160b-4688-8ca2-d56f3b1d6e4e/personal 400 791ms","timestamp":"2026-01-29 19:44:39"}
{"level":"http","message":"POST /users/eb5321fe-160b-4688-8ca2-d56f3b1d6e4e/personal 400 791ms","timestamp":"2026-01-29 19:44:39"}
{"level":"http","message":"POST /users/eb5321fe-160b-4688-8ca2-d56f3b1d6e4e/personal 400 792ms","timestamp":"2026-01-29 19:44:39"}
{"ip":"::1","level":"error","message":"Request Error Personal details already exist. Use PUT to update.","method":"POST","name":"BadRequestError","statusCode":400,"timestamp":"2026-01-29 19:44:57","url":"/users/f6ab094e-2900-497f-bb0d-000cc93a25db/personal","userId":"f6ab094e-2900-497f-bb0d-000cc93a25db"}
{"level":"http","message":"POST /users/f6ab094e-2900-497f-bb0d-000cc93a25db/personal 400 443ms","timestamp":"2026-01-29 19:44:57"}
{"level":"http","message":"POST /users/f6ab094e-2900-497f-bb0d-000cc93a25db/personal 400 443ms","timestamp":"2026-01-29 19:44:57"}
{"level":"http","message":"POST /users/f6ab094e-2900-497f-bb0d-000cc93a25db/personal 400 444ms","timestamp":"2026-01-29 19:44:57"}
{"ip":"::1","level":"error","message":"Request Error Personal details already exist. Use PUT to update.","method":"POST","name":"BadRequestError","statusCode":400,"timestamp":"2026-01-29 19:45:40","url":"/users/f6ab094e-2900-497f-bb0d-000cc93a25db/personal","userId":"f6ab094e-2900-497f-bb0d-000cc93a25db"}
{"level":"http","message":"POST /users/f6ab094e-2900-497f-bb0d-000cc93a25db/personal 400 496ms","timestamp":"2026-01-29 19:45:40"}
{"level":"http","message":"POST /users/f6ab094e-2900-497f-bb0d-000cc93a25db/personal 400 496ms","timestamp":"2026-01-29 19:45:40"}
{"level":"http","message":"POST /users/f6ab094e-2900-497f-bb0d-000cc93a25db/personal 400 497ms","timestamp":"2026-01-29 19:45:40"}
{"identifier":"9380245433","level":"auth","message":"[Auth] Login attempt: SUCCESS","role":"MODERATOR","success":true,"timestamp":"2026-01-29 19:51:56","userId":"f6ab094e-2900-497f-bb0d-000cc93a25db"}
{"level":"auth","message":"[Auth] Token generated","timestamp":"2026-01-29 19:51:56","userId":"f6ab094e-2900-497f-bb0d-000cc93a25db"}
{"level":"http","message":"POST /auth/login 200 1217ms","timestamp":"2026-01-29 19:51:56"}
{"level":"http","message":"POST /auth/login 200 1217ms","timestamp":"2026-01-29 19:51:56"}
{"level":"http","message":"POST /auth/login 200 1217ms","timestamp":"2026-01-29 19:51:56"}
{"ip":"::1","level":"error","message":"Request Error You do not have permission to modify this user's personal details","method":"PUT","name":"ForbiddenError","statusCode":403,"timestamp":"2026-01-29 19:55:19","url":"/users/eb5321fe-160b-4688-8ca2-d56f3b1d6e4e/personal","userId":"f6ab094e-2900-497f-bb0d-000cc93a25db"}
{"level":"http","message":"PUT /users/eb5321fe-160b-4688-8ca2-d56f3b1d6e4e/personal 403 576ms","timestamp":"2026-01-29 19:55:19"}
{"level":"http","message":"PUT /users/eb5321fe-160b-4688-8ca2-d56f3b1d6e4e/personal 403 576ms","timestamp":"2026-01-29 19:55:19"}
{"level":"http","message":"PUT /users/eb5321fe-160b-4688-8ca2-d56f3b1d6e4e/personal 403 577ms","timestamp":"2026-01-29 19:55:19"}
{"ip":"::1","level":"error","message":"Request Error You do not have permission to modify this user's personal details","method":"PUT","name":"ForbiddenError","statusCode":403,"timestamp":"2026-01-29 20:00:05","url":"/users/eb5321fe-160b-4688-8ca2-d56f3b1d6e4e/personal","userId":"f6ab094e-2900-497f-bb0d-000cc93a25db"}
{"level":"http","message":"PUT /users/eb5321fe-160b-4688-8ca2-d56f3b1d6e4e/personal 403 903ms","timestamp":"2026-01-29 20:00:05"}
{"level":"http","message":"PUT /users/eb5321fe-160b-4688-8ca2-d56f3b1d6e4e/personal 403 903ms","timestamp":"2026-01-29 20:00:05"}
{"level":"http","message":"PUT /users/eb5321fe-160b-4688-8ca2-d56f3b1d6e4e/personal 403 903ms","timestamp":"2026-01-29 20:00:05"}
{"identifier":"9380245433","level":"auth","message":"[Auth] Login attempt: SUCCESS","role":"USER","success":true,"timestamp":"2026-01-29 20:00:31","userId":"f6ab094e-2900-497f-bb0d-000cc93a25db"}
{"level":"auth","message":"[Auth] Token generated","timestamp":"2026-01-29 20:00:31","userId":"f6ab094e-2900-497f-bb0d-000cc93a25db"}
{"level":"http","message":"POST /auth/login 200 707ms","timestamp":"2026-01-29 20:00:31"}
{"level":"http","message":"POST /auth/login 200 707ms","timestamp":"2026-01-29 20:00:31"}
{"level":"http","message":"POST /auth/login 200 708ms","timestamp":"2026-01-29 20:00:31"}
{"ip":"::1","level":"error","message":"Request Error You do not have permission to modify this user's personal details","method":"PUT","name":"ForbiddenError","statusCode":403,"timestamp":"2026-01-29 20:00:48","url":"/users/eb5321fe-160b-4688-8ca2-d56f3b1d6e4e/personal","userId":"f6ab094e-2900-497f-bb0d-000cc93a25db"}
{"level":"http","message":"PUT /users/eb5321fe-160b-4688-8ca2-d56f3b1d6e4e/personal 403 501ms","timestamp":"2026-01-29 20:00:48"}
{"level":"http","message":"PUT /users/eb5321fe-160b-4688-8ca2-d56f3b1d6e4e/personal 403 501ms","timestamp":"2026-01-29 20:00:48"}
{"level":"http","message":"PUT /users/eb5321fe-160b-4688-8ca2-d56f3b1d6e4e/personal 403 502ms","timestamp":"2026-01-29 20:00:48"}
{"identifier":"9380422508","level":"auth","message":"[Auth] Login attempt: SUCCESS","role":"ADMIN","success":true,"timestamp":"2026-01-29 20:01:59","userId":"eb5321fe-160b-4688-8ca2-d56f3b1d6e4e"}
{"level":"auth","message":"[Auth] Token generated","timestamp":"2026-01-29 20:01:59","userId":"eb5321fe-160b-4688-8ca2-d56f3b1d6e4e"}
{"level":"http","message":"POST /auth/login 200 803ms","timestamp":"2026-01-29 20:01:59"}
{"level":"http","message":"POST /auth/login 200 803ms","timestamp":"2026-01-29 20:01:59"}
{"level":"http","message":"POST /auth/login 200 804ms","timestamp":"2026-01-29 20:01:59"}
{"fieldsUpdated":["height_cm","weight_kg","marital_status","physical_status","mother_tongue","complexion","body_type","blood_group","diet_preference","drinking_habit","smoking_habit","about_me"],"level":"info","message":"Personal details updated","timestamp":"2026-01-29 20:02:10","userId":"eb5321fe-160b-4688-8ca2-d56f3b1d6e4e"}
{"level":"http","message":"PUT /users/eb5321fe-160b-4688-8ca2-d56f3b1d6e4e/personal 200 1099ms","timestamp":"2026-01-29 20:02:10"}
{"level":"http","message":"PUT /users/eb5321fe-160b-4688-8ca2-d56f3b1d6e4e/personal 200 1100ms","timestamp":"2026-01-29 20:02:10"}
{"level":"http","message":"PUT /users/eb5321fe-160b-4688-8ca2-d56f3b1d6e4e/personal 200 1100ms","timestamp":"2026-01-29 20:02:10"}
{"level":"http","message":"POST /users/f6ab094e-2900-497f-bb0d-000cc93a25db/caste 401 0ms","timestamp":"2026-01-29 20:06:24"}
{"level":"http","message":"POST /users/f6ab094e-2900-497f-bb0d-000cc93a25db/caste 401 1ms","timestamp":"2026-01-29 20:06:24"}
{"level":"http","message":"POST /users/f6ab094e-2900-497f-bb0d-000cc93a25db/caste 401 2ms","timestamp":"2026-01-29 20:06:24"}
{"fieldsCreated":["religion_id"],"level":"info","message":"Caste details created","timestamp":"2026-01-29 20:06:55","userId":"f6ab094e-2900-497f-bb0d-000cc93a25db"}
{"level":"http","message":"POST /users/f6ab094e-2900-497f-bb0d-000cc93a25db/caste 201 1941ms","timestamp":"2026-01-29 20:06:55"}
{"level":"http","message":"POST /users/f6ab094e-2900-497f-bb0d-000cc93a25db/caste 201 1942ms","timestamp":"2026-01-29 20:06:55"}
{"level":"http","message":"POST /users/f6ab094e-2900-497f-bb0d-000cc93a25db/caste 201 1943ms","timestamp":"2026-01-29 20:06:55"}
{"level":"http","message":"GET /users/f6ab094e-2900-497f-bb0d-000cc93a25db/caste 401 0ms","timestamp":"2026-01-29 20:07:25"}
{"level":"http","message":"GET /users/f6ab094e-2900-497f-bb0d-000cc93a25db/caste 401 1ms","timestamp":"2026-01-29 20:07:25"}
{"level":"http","message":"GET /users/f6ab094e-2900-497f-bb0d-000cc93a25db/caste 401 1ms","timestamp":"2026-01-29 20:07:25"}
{"level":"http","message":"GET /users/f6ab094e-2900-497f-bb0d-000cc93a25db/caste 200 1604ms","timestamp":"2026-01-29 20:07:41"}
{"level":"http","message":"GET /users/f6ab094e-2900-497f-bb0d-000cc93a25db/caste 200 1605ms","timestamp":"2026-01-29 20:07:41"}
{"level":"http","message":"GET /users/f6ab094e-2900-497f-bb0d-000cc93a25db/caste 200 1605ms","timestamp":"2026-01-29 20:07:41"}
{"environment":"development","level":"info","message":"Server started on port 3000","port":3000,"timestamp":"2026-01-29 20:31:30"}
{"host":"Supabase","level":"info","message":"Database connected successfully","timestamp":"2026-01-29 20:31:31","type":"PostgreSQL"}
{"environment":"development","level":"info","message":"Server started on port 3000","port":3000,"timestamp":"2026-01-29 22:02:22"}
{"error":"Can't reach database server at `aws-1-ap-south-1.pooler.supabase.com:6543`\n\nPlease make sure your database server is running at `aws-1-ap-south-1.pooler.supabase.com:6543`.","level":"error","message":"Database connection failed","stack":"PrismaClientInitializationError: Can't reach database server at `aws-1-ap-south-1.pooler.supabase.com:6543`\n\nPlease make sure your database server is running at `aws-1-ap-south-1.pooler.supabase.com:6543`.\n    at r (D:\\SarvVivah\\Matrimony-site\\Backend\\node_modules\\@prisma\\client\\runtime\\library.js:112:2770)\n    at async Server.<anonymous> (file:///D:/SarvVivah/Matrimony-site/Backend/index.js:96:5)","timestamp":"2026-01-29 22:02:27"}
{"environment":"development","level":"info","message":"Server started on port 3000","port":3000,"timestamp":"2026-01-29 22:03:29"}
{"host":"Supabase","level":"info","message":"Database connected successfully","timestamp":"2026-01-29 22:03:29","type":"PostgreSQL"}
{"environment":"development","level":"info","message":"Server started on port 3000","port":3000,"timestamp":"2026-01-29 22:06:12"}
{"error":"Can't reach database server at `aws-1-ap-south-1.pooler.supabase.com:6543`\n\nPlease make sure your database server is running at `aws-1-ap-south-1.pooler.supabase.com:6543`.","level":"error","message":"Database connection failed","stack":"PrismaClientInitializationError: Can't reach database server at `aws-1-ap-south-1.pooler.supabase.com:6543`\n\nPlease make sure your database server is running at `aws-1-ap-south-1.pooler.supabase.com:6543`.\n    at r (D:\\SarvVivah\\Matrimony-site\\Backend\\node_modules\\@prisma\\client\\runtime\\library.js:112:2770)\n    at async Server.<anonymous> (file:///D:/SarvVivah/Matrimony-site/Backend/index.js:96:5)","timestamp":"2026-01-29 22:06:17"}
{"environment":"development","level":"info","message":"Server started on port 3000","port":3000,"timestamp":"2026-01-29 22:08:57"}
{"host":"Supabase","level":"info","message":"Database connected successfully","timestamp":"2026-01-29 22:08:58","type":"PostgreSQL"}
{"environment":"development","level":"info","message":"Server started on port 3000","port":3000,"timestamp":"2026-01-29 22:10:36"}
{"host":"Supabase","level":"info","message":"Database connected successfully","timestamp":"2026-01-29 22:10:37","type":"PostgreSQL"}
{"environment":"development","level":"info","message":"Server started on port 3000","port":3000,"timestamp":"2026-01-29 22:12:52"}
{"environment":"development","level":"info","message":"Server started on port 3000","port":3000,"timestamp":"2026-01-29 22:12:53"}
{"host":"Supabase","level":"info","message":"Database connected successfully","timestamp":"2026-01-29 22:12:53","type":"PostgreSQL"}
{"host":"Supabase","level":"info","message":"Database connected successfully","timestamp":"2026-01-29 22:12:53","type":"PostgreSQL"}
{"environment":"development","level":"info","message":"Server started on port 3000","port":3000,"timestamp":"2026-01-29 22:12:54"}
{"environment":"development","level":"info","message":"Server started on port 3000","port":3000,"timestamp":"2026-01-29 22:12:54"}
{"host":"Supabase","level":"info","message":"Database connected successfully","timestamp":"2026-01-29 22:12:54","type":"PostgreSQL"}
{"host":"Supabase","level":"info","message":"Database connected successfully","timestamp":"2026-01-29 22:12:54","type":"PostgreSQL"}
{"level":"http","message":"GET /api-docs/?id=292b5e86-609d-4896-af5e-ae47ee6bb702&vscodeBrowserReqId=1769705057241 200 1ms","timestamp":"2026-01-29 22:14:17"}
{"level":"http","message":"GET /api-docs/ 200 1ms","timestamp":"2026-01-29 22:28:16"}
{"level":"http","message":"GET /api-docs/swagger-ui-init.js 200 0ms","timestamp":"2026-01-29 22:28:16"}
{"identifier":"6362115998","level":"auth","message":"[Auth] Login attempt: SUCCESS","role":"USER","success":true,"timestamp":"2026-01-29 22:36:31","userId":"7af0cc53-de82-48c7-8711-18e8dea6cb9c"}
{"level":"auth","message":"[Auth] Token generated","timestamp":"2026-01-29 22:36:31","userId":"7af0cc53-de82-48c7-8711-18e8dea6cb9c"}
{"level":"http","message":"POST /auth/login 200 1170ms","timestamp":"2026-01-29 22:36:31"}
{"level":"http","message":"POST /auth/login 200 1170ms","timestamp":"2026-01-29 22:36:31"}
{"level":"http","message":"POST /auth/login 200 1171ms","timestamp":"2026-01-29 22:36:31"}
{"ip":"::1","level":"error","message":"Request Error You do not have permission to modify this user's education details","method":"POST","name":"ForbiddenError","statusCode":403,"timestamp":"2026-01-29 22:38:22","url":"/users/7af0cc53-de82-48c7-8711-18e8dea6cb9c/education","userId":"7af0cc53-de82-48c7-8711-18e8dea6cb9c"}
{"level":"http","message":"POST /users/7af0cc53-de82-48c7-8711-18e8dea6cb9c/education 403 418ms","timestamp":"2026-01-29 22:38:22"}
{"level":"http","message":"POST /users/7af0cc53-de82-48c7-8711-18e8dea6cb9c/education 403 419ms","timestamp":"2026-01-29 22:38:22"}
{"level":"http","message":"POST /users/7af0cc53-de82-48c7-8711-18e8dea6cb9c/education 403 419ms","timestamp":"2026-01-29 22:38:22"}
{"ip":"::1","level":"error","message":"Request Error You do not have permission to modify this user's education details","method":"POST","name":"ForbiddenError","statusCode":403,"timestamp":"2026-01-29 22:38:55","url":"/users/7af0cc53-de82-48c7-8711-18e8dea6cb9c/education","userId":"7af0cc53-de82-48c7-8711-18e8dea6cb9c"}
{"level":"http","message":"POST /users/7af0cc53-de82-48c7-8711-18e8dea6cb9c/education 403 347ms","timestamp":"2026-01-29 22:38:55"}
{"level":"http","message":"POST /users/7af0cc53-de82-48c7-8711-18e8dea6cb9c/education 403 347ms","timestamp":"2026-01-29 22:38:55"}
{"level":"http","message":"POST /users/7af0cc53-de82-48c7-8711-18e8dea6cb9c/education 403 348ms","timestamp":"2026-01-29 22:38:55"}
{"ip":"::1","level":"error","message":"Request Error You do not have permission to modify this user's education details","method":"POST","name":"ForbiddenError","statusCode":403,"timestamp":"2026-01-29 22:45:53","url":"/users/7af0cc53-de82-48c7-8711-18e8dea6cb9c/education","userId":"7af0cc53-de82-48c7-8711-18e8dea6cb9c"}
{"level":"http","message":"POST /users/7af0cc53-de82-48c7-8711-18e8dea6cb9c/education 403 986ms","timestamp":"2026-01-29 22:45:53"}
{"level":"http","message":"POST /users/7af0cc53-de82-48c7-8711-18e8dea6cb9c/education 403 987ms","timestamp":"2026-01-29 22:45:53"}
{"level":"http","message":"POST /users/7af0cc53-de82-48c7-8711-18e8dea6cb9c/education 403 988ms","timestamp":"2026-01-29 22:45:53"}
{"environment":"development","level":"info","message":"Server started on port 3000","port":3000,"timestamp":"2026-01-29 22:47:00"}
{"host":"Supabase","level":"info","message":"Database connected successfully","timestamp":"2026-01-29 22:47:00","type":"PostgreSQL"}
{"environment":"development","level":"info","message":"Server started on port 3000","port":3000,"timestamp":"2026-01-29 22:47:03"}
{"host":"Supabase","level":"info","message":"Database connected successfully","timestamp":"2026-01-29 22:47:04","type":"PostgreSQL"}
{"environment":"development","level":"info","message":"Server started on port 3000","port":3000,"timestamp":"2026-01-29 22:47:05"}
{"host":"Supabase","level":"info","message":"Database connected successfully","timestamp":"2026-01-29 22:47:06","type":"PostgreSQL"}
{"ip":"::1","level":"error","message":"Request Error requested is not defined","method":"POST","name":"ReferenceError","statusCode":500,"timestamp":"2026-01-29 22:48:08","url":"/users/7af0cc53-de82-48c7-8711-18e8dea6cb9c/education","userId":"7af0cc53-de82-48c7-8711-18e8dea6cb9c"}
{"ip":"::1","level":"error","message":"POST /users/7af0cc53-de82-48c7-8711-18e8dea6cb9c/education 500 512ms","method":"POST","responseTime":"512ms","statusCode":500,"timestamp":"2026-01-29 22:48:08","url":"/users/7af0cc53-de82-48c7-8711-18e8dea6cb9c/education","userAgent":"PostmanRuntime/7.51.0","userId":"7af0cc53-de82-48c7-8711-18e8dea6cb9c"}
{"ip":"::1","level":"error","message":"POST /users/7af0cc53-de82-48c7-8711-18e8dea6cb9c/education 500 513ms","method":"POST","responseTime":"513ms","statusCode":500,"timestamp":"2026-01-29 22:48:08","url":"/users/7af0cc53-de82-48c7-8711-18e8dea6cb9c/education","userAgent":"PostmanRuntime/7.51.0","userId":"7af0cc53-de82-48c7-8711-18e8dea6cb9c"}
{"ip":"::1","level":"error","message":"POST /users/7af0cc53-de82-48c7-8711-18e8dea6cb9c/education 500 515ms","method":"POST","responseTime":"515ms","statusCode":500,"timestamp":"2026-01-29 22:48:08","url":"/users/7af0cc53-de82-48c7-8711-18e8dea6cb9c/education","userAgent":"PostmanRuntime/7.51.0","userId":"7af0cc53-de82-48c7-8711-18e8dea6cb9c"}
{"environment":"development","level":"info","message":"Server started on port 3000","port":3000,"timestamp":"2026-01-29 22:48:50"}
{"host":"Supabase","level":"info","message":"Database connected successfully","timestamp":"2026-01-29 22:48:50","type":"PostgreSQL"}
{"ip":"::1","level":"error","message":"Request Error requested is not defined","method":"POST","name":"ReferenceError","statusCode":500,"timestamp":"2026-01-29 22:48:57","url":"/users/7af0cc53-de82-48c7-8711-18e8dea6cb9c/education","userId":"7af0cc53-de82-48c7-8711-18e8dea6cb9c"}
{"ip":"::1","level":"error","message":"POST /users/7af0cc53-de82-48c7-8711-18e8dea6cb9c/education 500 361ms","method":"POST","responseTime":"361ms","statusCode":500,"timestamp":"2026-01-29 22:48:57","url":"/users/7af0cc53-de82-48c7-8711-18e8dea6cb9c/education","userAgent":"PostmanRuntime/7.51.0","userId":"7af0cc53-de82-48c7-8711-18e8dea6cb9c"}
{"ip":"::1","level":"error","message":"POST /users/7af0cc53-de82-48c7-8711-18e8dea6cb9c/education 500 362ms","method":"POST","responseTime":"362ms","statusCode":500,"timestamp":"2026-01-29 22:48:57","url":"/users/7af0cc53-de82-48c7-8711-18e8dea6cb9c/education","userAgent":"PostmanRuntime/7.51.0","userId":"7af0cc53-de82-48c7-8711-18e8dea6cb9c"}
{"ip":"::1","level":"error","message":"POST /users/7af0cc53-de82-48c7-8711-18e8dea6cb9c/education 500 364ms","method":"POST","responseTime":"364ms","statusCode":500,"timestamp":"2026-01-29 22:48:57","url":"/users/7af0cc53-de82-48c7-8711-18e8dea6cb9c/education","userAgent":"PostmanRuntime/7.51.0","userId":"7af0cc53-de82-48c7-8711-18e8dea6cb9c"}
{"environment":"development","level":"info","message":"Server started on port 3000","port":3000,"timestamp":"2026-01-29 22:49:56"}
{"host":"Supabase","level":"info","message":"Database connected successfully","timestamp":"2026-01-29 22:49:56","type":"PostgreSQL"}
{"ip":"::1","level":"error","message":"Request Error You do not have permission to modify this user's education details","method":"POST","name":"ForbiddenError","statusCode":403,"timestamp":"2026-01-29 22:50:02","url":"/users/7af0cc53-de82-48c7-8711-18e8dea6cb9c/education","userId":"7af0cc53-de82-48c7-8711-18e8dea6cb9c"}
{"level":"http","message":"POST /users/7af0cc53-de82-48c7-8711-18e8dea6cb9c/education 403 317ms","timestamp":"2026-01-29 22:50:02"}
{"level":"http","message":"POST /users/7af0cc53-de82-48c7-8711-18e8dea6cb9c/education 403 318ms","timestamp":"2026-01-29 22:50:02"}
{"level":"http","message":"POST /users/7af0cc53-de82-48c7-8711-18e8dea6cb9c/education 403 323ms","timestamp":"2026-01-29 22:50:02"}
{"environment":"development","level":"info","message":"Server started on port 3000","port":3000,"timestamp":"2026-01-29 22:51:33"}
{"host":"Supabase","level":"info","message":"Database connected successfully","timestamp":"2026-01-29 22:51:34","type":"PostgreSQL"}
{"level":"http","message":"POST /users/7af0cc53-de82-48c7-8711-18e8dea6cb9c/education 401 4ms","timestamp":"2026-01-29 22:51:39"}
{"level":"http","message":"POST /users/7af0cc53-de82-48c7-8711-18e8dea6cb9c/education 401 6ms","timestamp":"2026-01-29 22:51:39"}
{"level":"http","message":"POST /users/7af0cc53-de82-48c7-8711-18e8dea6cb9c/education 401 11ms","timestamp":"2026-01-29 22:51:39"}
{"identifier":"6362115998","level":"auth","message":"[Auth] Login attempt: SUCCESS","role":"USER","success":true,"timestamp":"2026-01-29 22:51:46","userId":"7af0cc53-de82-48c7-8711-18e8dea6cb9c"}
{"level":"auth","message":"[Auth] Token generated","timestamp":"2026-01-29 22:51:46","userId":"7af0cc53-de82-48c7-8711-18e8dea6cb9c"}
{"level":"http","message":"POST /auth/login 200 799ms","timestamp":"2026-01-29 22:51:46"}
{"level":"http","message":"POST /auth/login 200 800ms","timestamp":"2026-01-29 22:51:46"}
{"level":"http","message":"POST /auth/login 200 800ms","timestamp":"2026-01-29 22:51:46"}
{"ip":"::1","level":"error","message":"Request Error You do not have permission to modify this user's education details","method":"POST","name":"ForbiddenError","statusCode":403,"timestamp":"2026-01-29 22:51:56","url":"/users/7af0cc53-de82-48c7-8711-18e8dea6cb9c/education","userId":"7af0cc53-de82-48c7-8711-18e8dea6cb9c"}
{"level":"http","message":"POST /users/7af0cc53-de82-48c7-8711-18e8dea6cb9c/education 403 476ms","timestamp":"2026-01-29 22:51:56"}
{"level":"http","message":"POST /users/7af0cc53-de82-48c7-8711-18e8dea6cb9c/education 403 476ms","timestamp":"2026-01-29 22:51:56"}
{"level":"http","message":"POST /users/7af0cc53-de82-48c7-8711-18e8dea6cb9c/education 403 477ms","timestamp":"2026-01-29 22:51:56"}
{"environment":"development","level":"info","message":"Server started on port 3000","port":3000,"timestamp":"2026-01-29 22:52:38"}
{"host":"Supabase","level":"info","message":"Database connected successfully","timestamp":"2026-01-29 22:52:38","type":"PostgreSQL"}
{"ip":"::1","level":"error","message":"Request Error user is not defined","method":"POST","name":"ReferenceError","statusCode":500,"timestamp":"2026-01-29 22:52:39","url":"/users/7af0cc53-de82-48c7-8711-18e8dea6cb9c/education","userId":"7af0cc53-de82-48c7-8711-18e8dea6cb9c"}
{"ip":"::1","level":"error","message":"POST /users/7af0cc53-de82-48c7-8711-18e8dea6cb9c/education 500 416ms","method":"POST","responseTime":"416ms","statusCode":500,"timestamp":"2026-01-29 22:52:39","url":"/users/7af0cc53-de82-48c7-8711-18e8dea6cb9c/education","userAgent":"PostmanRuntime/7.51.0","userId":"7af0cc53-de82-48c7-8711-18e8dea6cb9c"}
{"ip":"::1","level":"error","message":"POST /users/7af0cc53-de82-48c7-8711-18e8dea6cb9c/education 500 417ms","method":"POST","responseTime":"417ms","statusCode":500,"timestamp":"2026-01-29 22:52:39","url":"/users/7af0cc53-de82-48c7-8711-18e8dea6cb9c/education","userAgent":"PostmanRuntime/7.51.0","userId":"7af0cc53-de82-48c7-8711-18e8dea6cb9c"}
{"ip":"::1","level":"error","message":"POST /users/7af0cc53-de82-48c7-8711-18e8dea6cb9c/education 500 420ms","method":"POST","responseTime":"420ms","statusCode":500,"timestamp":"2026-01-29 22:52:39","url":"/users/7af0cc53-de82-48c7-8711-18e8dea6cb9c/education","userAgent":"PostmanRuntime/7.51.0","userId":"7af0cc53-de82-48c7-8711-18e8dea6cb9c"}
{"environment":"development","level":"info","message":"Server started on port 3000","port":3000,"timestamp":"2026-01-29 22:53:25"}
{"host":"Supabase","level":"info","message":"Database connected successfully","timestamp":"2026-01-29 22:53:25","type":"PostgreSQL"}
{"ip":"::1","level":"error","message":"Request Error You do not have permission to modify this user's education details","method":"POST","name":"ForbiddenError","statusCode":403,"timestamp":"2026-01-29 22:53:27","url":"/users/7af0cc53-de82-48c7-8711-18e8dea6cb9c/education","userId":"7af0cc53-de82-48c7-8711-18e8dea6cb9c"}
{"level":"http","message":"POST /users/7af0cc53-de82-48c7-8711-18e8dea6cb9c/education 403 429ms","timestamp":"2026-01-29 22:53:27"}
{"level":"http","message":"POST /users/7af0cc53-de82-48c7-8711-18e8dea6cb9c/education 403 430ms","timestamp":"2026-01-29 22:53:27"}
{"level":"http","message":"POST /users/7af0cc53-de82-48c7-8711-18e8dea6cb9c/education 403 432ms","timestamp":"2026-01-29 22:53:27"}
